Repo Name,URL,Stars,LOC,Releases,Age (Years)
Snailclimb/JavaGuide,https://github.com/Snailclimb/JavaGuide,148903,102,0,6.89
krahets/hello-algo,https://github.com/krahets/hello-algo,111046,2,9,2.39
iluwatar/java-design-patterns,https://github.com/iluwatar/java-design-patterns,91094,-51,0,10.64
macrozheng/mall,https://github.com/macrozheng/mall,79674,0,3,6.98
doocs/advanced-java,https://github.com/doocs/advanced-java,77321,0,1,6.48
spring-projects/spring-boot,https://github.com/spring-projects/spring-boot,76598,11,303,12.44
MisterBooo/LeetCodeAnimation,https://github.com/MisterBooo/LeetCodeAnimation,75779,1,0,6.31
elastic/elasticsearch,https://github.com/elastic/elasticsearch,72131,10,177,15.14
kdn251/interviews,https://github.com/kdn251/interviews,64043,1,0,8.12
TheAlgorithms/Java,https://github.com/TheAlgorithms/Java,61167,459,0,8.7
spring-projects/spring-framework,https://github.com/spring-projects/spring-framework,57653,11,328,14.31
NationalSecurityAgency/ghidra,https://github.com/NationalSecurityAgency/ghidra,55760,6,42,6.08
Stirling-Tools/Stirling-PDF,https://github.com/Stirling-Tools/Stirling-PDF,54953,1,120,2.16
google/guava,https://github.com/google/guava,50617,0,54,10.83
ReactiveX/RxJava,https://github.com/ReactiveX/RxJava,48053,0,235,12.22
skylot/jadx,https://github.com/skylot/jadx,43323,0,30,12.03
dbeaver/dbeaver,https://github.com/dbeaver/dbeaver,42454,-1,220,9.44
jeecgboot/JeecgBoot,https://github.com/jeecgboot/JeecgBoot,42032,0,54,6.34
apache/dubbo,https://github.com/apache/dubbo,40856,0,109,12.78
termux/termux-app,https://github.com/termux/termux-app,40052,43,91,9.43
PhilJay/MPAndroidChart,https://github.com/PhilJay/MPAndroidChart,37878,-3,44,10.93
eugenp/tutorials,https://github.com/eugenp/tutorials,37107,2,0,11.92
alibaba/arthas,https://github.com/alibaba/arthas,36101,-14,59,6.58
geekxh/hello-algorithm,https://github.com/geekxh/hello-algorithm,35539,9,0,4.83
airbnb/lottie-android,https://github.com/airbnb/lottie-android,35260,0,57,8.47
halo-dev/halo,https://github.com/halo-dev/halo,35081,341,211,7.02
bumptech/glide,https://github.com/bumptech/glide,34828,11,47,11.72
netty/netty,https://github.com/netty/netty,33924,106,0,14.39
xkcoding/spring-boot-demo,https://github.com/xkcoding/spring-boot-demo,33529,1,0,7.38
Blankj/AndroidUtilCode,https://github.com/Blankj/AndroidUtilCode,33509,99,117,8.66
doocs/leetcode,https://github.com/doocs/leetcode,33419,170,21,6.53
TeamNewPipe/NewPipe,https://github.com/TeamNewPipe/NewPipe,33315,1085,135,9.57
alibaba/easyexcel,https://github.com/alibaba/easyexcel,33245,14,14,7.14
zxing/zxing,https://github.com/zxing/zxing,33194,2,31,13.46
SeleniumHQ/selenium,https://github.com/SeleniumHQ/selenium,31960,15,103,12.2
alibaba/nacos,https://github.com/alibaba/nacos,31045,360,79,6.79
binarywang/WxJava,https://github.com/binarywang/WxJava,30794,-1,30,9.23
ityouknow/spring-boot-examples,https://github.com/ityouknow/spring-boot-examples,30410,0,0,8.39
YunaiV/ruoyi-vue-pro,https://github.com/YunaiV/ruoyi-vue-pro,29998,-1,34,4.17
apache/kafka,https://github.com/apache/kafka,29761,-1,0,13.62
chinabugotech/hutool,https://github.com/chinabugotech/hutool,29668,-21,149,10.96
apolloconfig/apollo,https://github.com/apolloconfig/apollo,29402,0,41,9.07
alibaba/canal,https://github.com/alibaba/canal,28920,65,32,12.21
wuyouzhuguli/SpringAll,https://github.com/wuyouzhuguli/SpringAll,28696,6,0,6.91
xuxueli/xxl-job,https://github.com/xuxueli/xxl-job,28508,8,36,9.33
alibaba/spring-cloud-alibaba,https://github.com/alibaba/spring-cloud-alibaba,28328,0,47,7.32
alibaba/druid,https://github.com/alibaba/druid,28095,22,51,13.41
lenve/vhr,https://github.com/lenve/vhr,27684,-10,0,7.23
crossoverJie/JCSprout,https://github.com/crossoverJie/JCSprout,27112,21,0,7.28
qiurunze123/miaosha,https://github.com/qiurunze123/miaosha,26289,0,0,6.54
keycloak/keycloak,https://github.com/keycloak/keycloak,26189,-2,76,11.74
DrKLO/Telegram,https://github.com/DrKLO/Telegram,25947,4473,95,11.42
alibaba/fastjson,https://github.com/alibaba/fastjson,25772,0,84,13.41
apache/incubator-seata,https://github.com/apache/incubator-seata,25556,2,42,6.25
JakeWharton/butterknife,https://github.com/JakeWharton/butterknife,25531,0,0,12.07
hollischuang/toBeTopJavaer,https://github.com/hollischuang/toBeTopJavaer,25421,0,0,6.42
scwang90/SmartRefreshLayout,https://github.com/scwang90/SmartRefreshLayout,25059,0,14,7.82
proxyee-down-org/proxyee-down,https://github.com/proxyee-down-org/proxyee-down,24905,2,49,7.42
greenrobot/EventBus,https://github.com/greenrobot/EventBus,24742,0,7,12.7
apache/flink,https://github.com/apache/flink,24675,1,0,10.81
Netflix/Hystrix,https://github.com/Netflix/Hystrix,24278,0,79,12.36
apache/skywalking,https://github.com/apache/skywalking,24177,1,62,9.39
libgdx/libgdx,https://github.com/libgdx/libgdx,23851,5,13,12.63
bazelbuild/bazel,https://github.com/bazelbuild/bazel,23827,116,191,10.79
jenkinsci/jenkins,https://github.com/jenkinsci/jenkins,23792,0,406,14.35
redisson/redisson,https://github.com/redisson/redisson,23696,-22,167,11.21
google/gson,https://github.com/google/gson,23638,502,9,10.03
Anuken/Mindustry,https://github.com/Anuken/Mindustry,23510,1,160,7.91
OpenAPITools/openapi-generator,https://github.com/OpenAPITools/openapi-generator,23223,120,70,6.88
alibaba/Sentinel,https://github.com/alibaba/Sentinel,22641,125,25,6.98
doocs/source-code-hunter,https://github.com/doocs/source-code-hunter,22579,0,0,5.42
EnterpriseQualityCoding/FizzBuzzEnterpriseEdition,https://github.com/EnterpriseQualityCoding/FizzBuzzEnterpriseEdition,22285,729,0,12.35
yuliskov/SmartTube,https://github.com/yuliskov/SmartTube,21985,0,723,4.66
ashishps1/awesome-system-design-resources,https://github.com/ashishps1/awesome-system-design-resources,21819,0,0,1.42
google/ExoPlayer,https://github.com/google/ExoPlayer,21808,-5,28,10.79
CodePhiliaX/Chat2DB,https://github.com/CodePhiliaX/Chat2DB,21725,0,43,1.77
apache/rocketmq,https://github.com/apache/rocketmq,21655,40,21,8.33
iBotPeaches/Apktool,https://github.com/iBotPeaches/Apktool,21608,0,25,13.03
elunez/eladmin,https://github.com/elunez/eladmin,21565,-4,1,6.29
oracle/graal,https://github.com/oracle/graal,20734,22,32,9.2
openjdk/jdk,https://github.com/openjdk/jdk,20685,0,0,6.53
CarGuo/GSYVideoPlayer,https://github.com/CarGuo/GSYVideoPlayer,20624,809,48,8.37
conductor-oss/conductor,https://github.com/conductor-oss/conductor,20396,0,19,1.3
brettwooldridge/HikariCP,https://github.com/brettwooldridge/HikariCP,20337,0,0,11.47
didi/DoKit,https://github.com/didi/DoKit,20292,21,10,6.62
apache/shardingsphere,https://github.com/apache/shardingsphere,20135,0,58,9.19
mybatis/mybatis-3,https://github.com/mybatis/mybatis-3,20016,0,46,12.12
ReactiveX/RxAndroid,https://github.com/ReactiveX/RxAndroid,19866,0,20,10.61
dataease/dataease,https://github.com/dataease/dataease,19719,66,91,4.15
LSPosed/LSPosed,https://github.com/LSPosed/LSPosed,19569,-2,39,4.29
linlinjava/litemall,https://github.com/linlinjava/litemall,19564,0,8,7.02
yudaocode/SpringBoot-Labs,https://github.com/yudaocode/SpringBoot-Labs,19492,0,0,6.54
Baseflow/PhotoView,https://github.com/Baseflow/PhotoView,18835,2,5,12.7
dianping/cat,https://github.com/dianping/cat,18820,9,3,12.32
kunal-kushwaha/DSA-Bootcamp-Java,https://github.com/kunal-kushwaha/DSA-Bootcamp-Java,18644,-2,0,3.66
thingsboard/thingsboard,https://github.com/thingsboard/thingsboard,18510,1006,65,8.32
forezp/SpringCloudLearning,https://github.com/forezp/SpringCloudLearning,17922,9,0,7.97
williamfiset/Algorithms,https://github.com/williamfiset/Algorithms,17780,0,0,8.03
JetBrains/intellij-community,https://github.com/JetBrains/intellij-community,17774,0,0,13.5
antlr/antlr4,https://github.com/antlr/antlr4,17732,-2,31,15.15
LMAX-Exchange/disruptor,https://github.com/LMAX-Exchange/disruptor,17693,0,14,12.52
Tencent/APIJSON,https://github.com/Tencent/APIJSON,17635,2,107,8.35
Tencent/tinker,https://github.com/Tencent/tinker,17262,-1,59,8.56
dromara/Sa-Token,https://github.com/dromara/Sa-Token,17258,0,35,5.15
openzipkin/zipkin,https://github.com/openzipkin/zipkin,17152,0,96,12.81
facebook/fresco,https://github.com/facebook/fresco,17101,-112,55,10.08
YunaiV/yudao-cloud,https://github.com/YunaiV/yudao-cloud,16964,42,20,5.9
infinilabs/analysis-ik,https://github.com/infinilabs/analysis-ik,16888,8,1,13.29
justauth/JustAuth,https://github.com/justauth/JustAuth,16834,0,46,6.16
nostra13/Android-Universal-Image-Loader,https://github.com/nostra13/Android-Universal-Image-Loader,16776,-16,0,13.34
winterbe/java8-tutorial,https://github.com/winterbe/java8-tutorial,16771,0,0,11.04
baomidou/mybatis-plus,https://github.com/baomidou/mybatis-plus,16739,1577,35,8.61
shuzheng/zheng,https://github.com/shuzheng/zheng,16712,0,0,8.48
material-components/material-components-android,https://github.com/material-components/material-components-android,16626,22,103,8.31
kestra-io/kestra,https://github.com/kestra-io/kestra,16597,-12,207,5.59
Grasscutters/Grasscutter,https://github.com/Grasscutters/Grasscutter,16468,0,20,2.94
JeffLi1993/springboot-learning-example,https://github.com/JeffLi1993/springboot-learning-example,16454,3,0,8.14
ben-manes/caffeine,https://github.com/ben-manes/caffeine,16445,-20,69,10.29
alibaba/DataX,https://github.com/alibaba/DataX,16321,297,7,7.19
xiaojieonly/Ehviewer_CN_SXJ,https://github.com/xiaojieonly/Ehviewer_CN_SXJ,16314,18,99,4.38
prestodb/presto,https://github.com/prestodb/presto,16288,0,0,12.64
heibaiying/BigData-Notes,https://github.com/heibaiying/BigData-Notes,16287,35,0,6.05
dyc87112/SpringBoot-Learning,https://github.com/dyc87112/SpringBoot-Learning,15770,23,0,8.6
android-hacker/VirtualXposed,https://github.com/android-hacker/VirtualXposed,15634,0,50,7.32
gyoogle/tech-interview-for-developer,https://github.com/gyoogle/tech-interview-for-developer,15583,0,0,5.8
android10/Android-CleanArchitecture,https://github.com/android10/Android-CleanArchitecture,15535,10,0,10.61
mockito/mockito,https://github.com/mockito/mockito,15097,69,219,12.46
questdb/questdb,https://github.com/questdb/questdb,15015,127,85,10.92
apache/hadoop,https://github.com/apache/hadoop,15008,458,0,10.59
Konloch/bytecode-viewer,https://github.com/Konloch/bytecode-viewer,14919,13,60,10.46
zhisheng17/flink-learning,https://github.com/zhisheng17/flink-learning,14705,-1,0,6.24
hdodenhof/CircleImageView,https://github.com/hdodenhof/CircleImageView,14548,0,0,11.19
apache/pulsar,https://github.com/apache/pulsar,14514,0,102,8.75
Tencent/QMUI_Android,https://github.com/Tencent/QMUI_Android,14477,-12,35,7.94
alibaba/ARouter,https://github.com/alibaba/ARouter,14474,-6,16,8.29
eclipse-vertx/vert.x,https://github.com/eclipse-vertx/vert.x,14442,2,0,13.78
java-decompiler/jd-gui,https://github.com/java-decompiler/jd-gui,14398,0,18,10.01
elastic/logstash,https://github.com/elastic/logstash,14397,-22,177,14.36
arduino/Arduino,https://github.com/arduino/Arduino,14291,-38,37,14.53
quarkusio/quarkus,https://github.com/quarkusio/quarkus,14253,21,372,6.73
neo4j/neo4j,https://github.com/neo4j/neo4j,14015,0,72,12.38
supertokens/supertokens-core,https://github.com/supertokens/supertokens-core,13987,0,83,5.22
deeplearning4j/deeplearning4j,https://github.com/deeplearning4j/deeplearning4j,13897,268,0,11.34
orhanobut/logger,https://github.com/orhanobut/logger,13850,2,16,10.02
GoogleContainerTools/jib,https://github.com/GoogleContainerTools/jib,13849,0,167,7.18
theonedev/onedev,https://github.com/theonedev/onedev,13797,0,392,6.39
Netflix/zuul,https://github.com/Netflix/zuul,13663,2,22,12.04
apache/druid,https://github.com/apache/druid,13652,-139,66,12.43
Curzibn/Luban,https://github.com/Curzibn/Luban,13631,4,6,8.68
seaswalker/spring-analysis,https://github.com/seaswalker/spring-analysis,13612,0,0,8.55
JessYanCoding/AndroidAutoSize,https://github.com/JessYanCoding/AndroidAutoSize,13595,21,14,6.61
pinpoint-apm/pinpoint,https://github.com/pinpoint-apm/pinpoint,13558,37,60,10.44
tink-crypto/tink,https://github.com/tink-crypto/tink,13527,0,21,10.81
lgvalle/Material-Animations,https://github.com/lgvalle/Material-Animations,13515,4,0,10.06
Bigkoo/Android-PickerView,https://github.com/Bigkoo/Android-PickerView,13473,0,0,10.25
sqshq/piggymetrics,https://github.com/sqshq/piggymetrics,13435,0,2,10.0
LuckSiege/PictureSelector,https://github.com/LuckSiege/PictureSelector,13418,0,116,8.23
zaproxy/zaproxy,https://github.com/zaproxy/zaproxy,13384,12,9,9.82
apache/doris,https://github.com/apache/doris,13381,0,64,7.63
apache/dolphinscheduler,https://github.com/apache/dolphinscheduler,13355,0,52,6.07
DuGuQiuBai/Java,https://github.com/DuGuQiuBai/Java,13239,-1,0,9.34
janishar/mit-deep-learning-book-pdf,https://github.com/janishar/mit-deep-learning-book-pdf,13219,-1,3,7.98
macrozheng/mall-learning,https://github.com/macrozheng/mall-learning,13102,-134621,0,5.96
projectlombok/lombok,https://github.com/projectlombok/lombok,13087,0,0,15.81
youth5201314/banner,https://github.com/youth5201314/banner,12981,32,0,8.93
languagetool-org/languagetool,https://github.com/languagetool-org/languagetool,12929,3,0,11.64
Netflix/conductor,https://github.com/Netflix/conductor,12792,-1,319,8.3
facebook/stetho,https://github.com/facebook/stetho,12694,2,13,10.18
greenrobot/greenDAO,https://github.com/greenrobot/greenDAO,12623,3,8,13.44
pxb1988/dex2jar,https://github.com/pxb1988/dex2jar,12611,1,8,10.04
cryptomator/cryptomator,https://github.com/cryptomator/cryptomator,12599,0,184,11.15
google/guice,https://github.com/google/guice,12582,-78,19,10.84
zhihu/Matisse,https://github.com/zhihu/Matisse,12552,23,15,7.96
Netflix/eureka,https://github.com/Netflix/eureka,12514,4,150,12.67
codecentric/spring-boot-admin,https://github.com/codecentric/spring-boot-admin,12512,0,131,10.68
daimajia/AndroidViewAnimations,https://github.com/daimajia/AndroidViewAnimations,12453,-7,9,10.77
apache/zookeeper,https://github.com/apache/zookeeper,12426,0,0,16.01
daimajia/AndroidSwipeLayout,https://github.com/daimajia/AndroidSwipeLayout,12402,2,18,10.59
alibaba/COLA,https://github.com/alibaba/COLA,12311,14,11,7.14
pagehelper/Mybatis-PageHelper,https://github.com/pagehelper/Mybatis-PageHelper,12281,0,14,10.8
macrozheng/mall-swarm,https://github.com/macrozheng/mall-swarm,12218,-1,3,5.34
kekingcn/kkFileView,https://github.com/kekingcn/kkFileView,12214,1,16,7.29
redis/jedis,https://github.com/redis/jedis,12005,16,110,14.8
Yalantis/uCrop,https://github.com/Yalantis/uCrop,11964,4,18,9.23
metersphere/metersphere,https://github.com/metersphere/metersphere,11913,0,176,5.15
Tencent/VasSonic,https://github.com/Tencent/VasSonic,11853,44,10,7.66
Tencent/matrix,https://github.com/Tencent/matrix,11772,5,16,6.3
amitshekhariitbhu/android-interview-questions,https://github.com/amitshekhariitbhu/android-interview-questions,11735,2,0,7.72
grpc/grpc-java,https://github.com/grpc/grpc-java,11656,-19,176,10.3
frank-lam/fullstack-tutorial,https://github.com/frank-lam/fullstack-tutorial,11632,0,0,6.96
code4craft/webmagic,https://github.com/code4craft/webmagic,11528,1,33,11.93
realm/realm-java,https://github.com/realm/realm-java,11483,6,0,12.94
careercup/CtCI-6th-Edition,https://github.com/careercup/CtCI-6th-Edition,11403,-29,0,9.74
gyf-dev/ImmersionBar,https://github.com/gyf-dev/ImmersionBar,11377,69,0,7.94
Team-xManager/xManager,https://github.com/Team-xManager/xManager,11332,0,50,4.13
newbee-ltd/newbee-mall,https://github.com/newbee-ltd/newbee-mall,11272,-2,0,5.52
permissions-dispatcher/PermissionsDispatcher,https://github.com/permissions-dispatcher/PermissionsDispatcher,11228,0,40,9.62
debezium/debezium,https://github.com/debezium/debezium,11225,20,0,9.18
OpenRefine/OpenRefine,https://github.com/OpenRefine/OpenRefine,11224,6,69,12.45
plantuml/plantuml,https://github.com/plantuml/plantuml,11200,-15,53,14.4
mission-peace/interview,https://github.com/mission-peace/interview,11141,45,0,10.69
jhy/jsoup,https://github.com/jhy/jsoup,11092,0,17,15.28
H07000223/FlycoTabLayout,https://github.com/H07000223/FlycoTabLayout,11091,-62,4,9.39
lingochamp/FileDownloader,https://github.com/lingochamp/FileDownloader,11081,3,65,9.27
jfeinstein10/SlidingMenu,https://github.com/jfeinstein10/SlidingMenu,11061,2,0,12.75
apereo/cas,https://github.com/apereo/cas,11048,0,290,13.56
androidannotations/androidannotations,https://github.com/androidannotations/androidannotations,11042,6,0,13.23
trinodb/trino,https://github.com/trinodb/trino,11037,2,0,6.19
daniulive/SmarterStreaming,https://github.com/daniulive/SmarterStreaming,11034,0,0,9.01
square/javapoet,https://github.com/square/javapoet,10857,0,0,12.15
alibaba/vlayout,https://github.com/alibaba/vlayout,10790,2,34,8.08
aosp-mirror/platform_frameworks_base,https://github.com/aosp-mirror/platform_frameworks_base,10710,-3,0,16.44
PaperMC/Paper,https://github.com/PaperMC/Paper,10700,46,0,9.18
doocs/jvm,https://github.com/doocs/jvm,10680,0,0,6.76
android-async-http/android-async-http,https://github.com/android-async-http/android-async-http,10633,202,3,14.11
TooTallNate/Java-WebSocket,https://github.com/TooTallNate/Java-WebSocket,10626,4,19,15.19
jeasonlzy/okhttp-OkGo,https://github.com/jeasonlzy/okhttp-OkGo,10610,0,14,9.2
clojure/clojure,https://github.com/clojure/clojure,10576,0,0,14.75
jwtk/jjwt,https://github.com/jwtk/jjwt,10553,2,7,10.54
apple/pkl,https://github.com/apple/pkl,10545,1255,13,1.18
provectus/kafka-ui,https://github.com/provectus/kafka-ui,10504,9,25,5.33
google/auto,https://github.com/google/auto,10488,3,66,11.85
lipangit/JiaoZiVideoPlayer,https://github.com/lipangit/JiaoZiVideoPlayer,10487,-2,78,9.14
tbruyelle/RxPermissions,https://github.com/tbruyelle/RxPermissions,10485,-26,11,9.5
asLody/VirtualApp,https://github.com/asLody/VirtualApp,10464,9,0,8.73
datahub-project/datahub,https://github.com/datahub-project/datahub,10458,88,96,9.36
opensearch-project/OpenSearch,https://github.com/opensearch-project/OpenSearch,10407,2,53,4.16
JessYanCoding/MVPArms,https://github.com/JessYanCoding/MVPArms,10283,8,25,8.64
Activiti/Activiti,https://github.com/Activiti/Activiti,10276,0,1000,12.54
xpipe-io/xpipe,https://github.com/xpipe-io/xpipe,10121,11,98,2.16
JakeWharton/ViewPagerIndicator,https://github.com/JakeWharton/ViewPagerIndicator,10120,0,0,13.65
resilience4j/resilience4j,https://github.com/resilience4j/resilience4j,10060,115,35,9.82
LawnchairLauncher/lawnchair,https://github.com/LawnchairLauncher/lawnchair,10014,0,28,8.07
beemdevelopment/Aegis,https://github.com/beemdevelopment/Aegis,9993,2,69,8.62
zfile-dev/zfile,https://github.com/zfile-dev/zfile,9943,2,61,5.61
wasabeef/glide-transformations,https://github.com/wasabeef/glide-transformations,9921,3,0,10.22
awsdocs/aws-doc-sdk-examples,https://github.com/awsdocs/aws-doc-sdk-examples,9896,55,0,8.61
googlesamples/easypermissions,https://github.com/googlesamples/easypermissions,9890,-19,12,9.27
ssssssss-team/spider-flow,https://github.com/ssssssss-team/spider-flow,9879,0,2,5.0
paascloud/paascloud-master,https://github.com/paascloud/paascloud-master,9874,3,0,7.03
stanfordnlp/CoreNLP,https://github.com/stanfordnlp/CoreNLP,9832,3,17,11.75
uknownothingsnow/JsBridge,https://github.com/uknownothingsnow/JsBridge,9826,19,0,10.09
hackware1993/MagicIndicator,https://github.com/hackware1993/MagicIndicator,9769,-4,12,8.76
HarlonWang/AVLoadingIndicatorView,https://github.com/HarlonWang/AVLoadingIndicatorView,9754,4,1,9.43
StarRocks/starrocks,https://github.com/StarRocks/starrocks,9735,1675,134,3.56
YoKeyword/Fragmentation,https://github.com/YoKeyword/Fragmentation,9726,3,30,9.1
ksoichiro/Android-ObservableScrollView,https://github.com/ksoichiro/Android-ObservableScrollView,9654,1,0,10.39
perwendel/spark,https://github.com/perwendel/spark,9653,0,0,13.9
react-native-camera/react-native-camera,https://github.com/react-native-camera/react-native-camera,9649,2,144,9.99
lihengming/spring-boot-api-project-seed,https://github.com/lihengming/spring-boot-api-project-seed,9628,3,4,7.76
OpenFeign/feign,https://github.com/OpenFeign/feign,9622,0,38,11.76
microg/GmsCore,https://github.com/microg/GmsCore,9614,682,38,10.93
koral--/android-gif-drawable,https://github.com/koral--/android-gif-drawable,9580,-35,61,12.16
liaohuqiu/android-Ultra-Pull-To-Refresh,https://github.com/liaohuqiu/android-Ultra-Pull-To-Refresh,9579,6,8,10.38
bilibili/DanmakuFlameMaster,https://github.com/bilibili/DanmakuFlameMaster,9570,0,5,11.63
MyCATApache/Mycat-Server,https://github.com/MyCATApache/Mycat-Server,9547,0,7,10.32
umano/AndroidSlidingUpPanel,https://github.com/umano/AndroidSlidingUpPanel,9508,0,8,11.83
signalapp/Signal-Server,https://github.com/signalapp/Signal-Server,9489,2,0,11.3
SonarSource/sonarqube,https://github.com/SonarSource/sonarqube,9443,-22378,59,14.23
crossoverJie/cim,https://github.com/crossoverJie/cim,9390,24,8,6.85
pockethub/PocketHub,https://github.com/pockethub/PocketHub,9389,327,1,13.56
xuchengsheng/spring-reading,https://github.com/xuchengsheng/spring-reading,9312,0,0,1.53
Justson/AgentWeb,https://github.com/Justson/AgentWeb,9305,0,21,7.88
android/testing-samples,https://github.com/android/testing-samples,9245,43,0,10.47
GcsSloop/AndroidNote,https://github.com/GcsSloop/AndroidNote,9236,0,0,9.23
huanghaibin-dev/CalendarView,https://github.com/huanghaibin-dev/CalendarView,9224,0,1,8.05
apache/cassandra,https://github.com/apache/cassandra,9113,444,0,15.86
json-path/JsonPath,https://github.com/json-path/JsonPath,9075,0,10,14.18
cats-oss/android-gpuimage,https://github.com/cats-oss/android-gpuimage,9072,5,0,12.48
ashishps1/awesome-leetcode-resources,https://github.com/ashishps1/awesome-leetcode-resources,9067,6,0,1.42
spring-projects/spring-security,https://github.com/spring-projects/spring-security,9036,0,213,13.22
didi/VirtualAPK,https://github.com/didi/VirtualAPK,9018,2,4,7.75
navasmdc/MaterialDesignLibrary,https://github.com/navasmdc/MaterialDesignLibrary,8982,1615,3,10.5
seven332/EhViewer,https://github.com/seven332/EhViewer,8968,2,97,10.88
KunMinX/Jetpack-MVVM-Best-Practice,https://github.com/KunMinX/Jetpack-MVVM-Best-Practice,8915,0,0,5.41
nathanmarz/storm,https://github.com/nathanmarz/storm,8820,-70,0,13.53
laobie/StatusBarUtil,https://github.com/laobie/StatusBarUtil,8806,3,0,9.12
Freelander/Android_Data,https://github.com/Freelander/Android_Data,8774,0,0,9.99
Blankj/awesome-java-leetcode,https://github.com/Blankj/awesome-java-leetcode,8710,-2,0,7.95
chrisbanes/Android-PullToRefresh,https://github.com/chrisbanes/Android-PullToRefresh,8701,49,0,13.33
apache/jmeter,https://github.com/apache/jmeter,8660,-25,10,14.84
java-native-access/jna,https://github.com/java-native-access/jna,8660,10,0,13.92
ybq/Android-SpinKit,https://github.com/ybq/Android-SpinKit,8651,0,0,9.02
flyway/flyway,https://github.com/flyway/flyway,8633,74,246,12.29
shwenzhang/AndResGuard,https://github.com/shwenzhang/AndResGuard,8585,21,4,9.47
chrisjenx/Calligraphy,https://github.com/chrisjenx/Calligraphy,8583,2,4,11.27
facebook/buck,https://github.com/facebook/buck,8559,13,57,11.95
apache/shenyu,https://github.com/apache/shenyu,8557,1,11,6.72
airbnb/epoxy,https://github.com/airbnb/epoxy,8540,3,76,8.64
junit-team/junit4,https://github.com/junit-team/junit4,8533,2,13,16.21
react-native-image-picker/react-native-image-picker,https://github.com/react-native-image-picker/react-native-image-picker,8532,0,141,9.81
checkstyle/checkstyle,https://github.com/checkstyle/checkstyle,8529,-3,159,11.58
dropwizard/dropwizard,https://github.com/dropwizard/dropwizard,8526,0,179,14.19
karatelabs/karate,https://github.com/karatelabs/karate,8501,0,54,8.13
amitshekhariitbhu/Android-Debug-Database,https://github.com/amitshekhariitbhu/Android-Debug-Database,8471,21,14,8.36
roughike/BottomBar,https://github.com/roughike/BottomBar,8406,-4,4,9.04
apache/seatunnel,https://github.com/apache/seatunnel,8380,537,50,7.65
google/tsunami-security-scanner,https://github.com/google/tsunami-security-scanner,8371,1,25,4.81
hs-web/hsweb-framework,https://github.com/hs-web/hsweb-framework,8368,-2,28,9.19
flowable/flowable-engine,https://github.com/flowable/flowable-engine,8316,-37,27,8.46
DImuthuUpe/AndroidPdfViewer,https://github.com/DImuthuUpe/AndroidPdfViewer,8270,1,0,8.82
apache/shardingsphere-elasticjob,https://github.com/apache/shardingsphere-elasticjob,8177,842,30,9.55
testcontainers/testcontainers-java,https://github.com/testcontainers/testcontainers-java,8166,92,81,9.96
alibaba/atlas,https://github.com/alibaba/atlas,8142,0,7,8.08
florent37/MaterialViewPager,https://github.com/florent37/MaterialViewPager,8120,0,11,9.93
wildfirechat/im-server,https://github.com/wildfirechat/im-server,8117,8,103,6.18
guolindev/LitePal,https://github.com/guolindev/LitePal,8106,-89,0,12.1
alibaba/otter,https://github.com/alibaba/otter,8094,14,10,11.64
frohoff/ysoserial,https://github.com/frohoff/ysoserial,8056,0,1,10.17
apache/beam,https://github.com/apache/beam,8051,0,48,9.15
Netflix/SimianArmy,https://github.com/Netflix/SimianArmy,7983,0,4,12.73
davemorrissey/subsampling-scale-image-view,https://github.com/davemorrissey/subsampling-scale-image-view,7942,1,21,11.59
pentaho/pentaho-kettle,https://github.com/pentaho/pentaho-kettle,7928,1,1,11.47
JakeWharton/hugo,https://github.com/JakeWharton/hugo,7923,0,0,11.34
alibaba/transmittable-thread-local,https://github.com/alibaba/transmittable-thread-local,7893,0,58,11.46
aritraroy/UltimateAndroidReference,https://github.com/aritraroy/UltimateAndroidReference,7870,-8,0,7.97
junixapp/XPopup,https://github.com/junixapp/XPopup,7864,-4,221,6.31
HannahMitt/HomeMirror,https://github.com/HannahMitt/HomeMirror,7852,2,0,9.6
dropwizard/metrics,https://github.com/dropwizard/metrics,7842,0,125,15.09
LSPosed/LSPatch,https://github.com/LSPosed/LSPatch,7821,0,9,4.07
ChrisRM/material-theme-jetbrains,https://github.com/ChrisRM/material-theme-jetbrains,7803,144,17,9.52
apache/tomcat,https://github.com/apache/tomcat,7768,-3,0,13.5
bytedeco/javacv,https://github.com/bytedeco/javacv,7727,0,12,10.94
trello-archive/RxLifecycle,https://github.com/trello-archive/RxLifecycle,7705,4,22,9.69
software-mansion/react-native-svg,https://github.com/software-mansion/react-native-svg,7680,-444,121,9.19
aeron-io/aeron,https://github.com/aeron-io/aeron,7651,1,116,11.14
vipshop/vjtools,https://github.com/vipshop/vjtools,7650,27,9,6.83
goldze/MVVMHabit,https://github.com/goldze/MVVMHabit,7647,3,3,7.69
cabaletta/baritone,https://github.com/cabaletta/baritone,7615,38,78,6.65
Graylog2/graylog2-server,https://github.com/Graylog2/graylog2-server,7611,-104,0,14.87
gedoor/MyBookshelf,https://github.com/gedoor/MyBookshelf,7595,0,165,6.79
google/android-classyshark,https://github.com/google/android-classyshark,7563,0,17,9.46
PojavLauncherTeam/PojavLauncher,https://github.com/PojavLauncherTeam/PojavLauncher,7560,-6,126,5.05
Tencent/Shadow,https://github.com/Tencent/Shadow,7555,60,5,5.79
kaushikgopal/RxJava-Android-Samples,https://github.com/kaushikgopal/RxJava-Android-Samples,7538,12,0,10.68
koush/AndroidAsync,https://github.com/koush/AndroidAsync,7538,5,0,12.6
google/closure-compiler,https://github.com/google/closure-compiler,7491,16,0,10.95
kevin-wayne/algs4,https://github.com/kevin-wayne/algs4,7471,0,0,9.58
twowaits/SDE-Interview-Questions,https://github.com/twowaits/SDE-Interview-Questions,7453,32,1,7.42
lecho/hellocharts-android,https://github.com/lecho/hellocharts-android,7444,0,14,10.46
yuanguangxin/LeetCode,https://github.com/yuanguangxin/LeetCode,7421,-4,0,5.21
swagger-api/swagger-core,https://github.com/swagger-api/swagger-core,7417,35,112,13.73
PowerJob/PowerJob,https://github.com/PowerJob/PowerJob,7398,0,50,5.03
HMCL-dev/HMCL,https://github.com/HMCL-dev/HMCL,7387,16,235,9.77
dyc87112/SpringCloud-Learning,https://github.com/dyc87112/SpringCloud-Learning,7380,-3,0,8.6
lenve/VBlog,https://github.com/lenve/VBlog,7370,17,0,7.25
abel533/Mapper,https://github.com/abel533/Mapper,7363,0,8,10.35
leolin310148/ShortcutBadger,https://github.com/leolin310148/ShortcutBadger,7354,133,0,11.37
Qihoo360/RePlugin,https://github.com/Qihoo360/RePlugin,7309,783,19,7.81
square/dagger,https://github.com/square/dagger,7304,0,0,12.65
mapstruct/mapstruct,https://github.com/mapstruct/mapstruct,7283,55,35,12.84
Bearded-Hen/Android-Bootstrap,https://github.com/Bearded-Hen/Android-Bootstrap,7278,1,5,11.41
pedant/sweet-alert-dialog,https://github.com/pedant/sweet-alert-dialog,7258,0,2,10.44
crazycodeboy/TakePhoto,https://github.com/crazycodeboy/TakePhoto,7244,0,15,9.65
cymcsg/UltimateRecyclerView,https://github.com/cymcsg/UltimateRecyclerView,7212,1,9,10.17
geeeeeeeeek/WeChatLuckyMoney,https://github.com/geeeeeeeeek/WeChatLuckyMoney,7210,4,20,9.49
Exrick/xmall,https://github.com/Exrick/xmall,7202,0,0,7.67
gocd/gocd,https://github.com/gocd/gocd,7202,0,84,11.29
google/agera,https://github.com/google/agera,7179,0,16,9.28
krahets/LeetCode-Book,https://github.com/krahets/LeetCode-Book,7116,1,0,3.27
MinecraftForge/MinecraftForge,https://github.com/MinecraftForge/MinecraftForge,7103,-5,0,13.16
ogaclejapan/SmartTabLayout,https://github.com/ogaclejapan/SmartTabLayout,7092,-1117,0,10.12
JakeWharton/ActionBarSherlock,https://github.com/JakeWharton/ActionBarSherlock,7086,8,32,14.06
apache/iceberg,https://github.com/apache/iceberg,7082,-95,27,6.35
didi/KnowStreaming,https://github.com/didi/KnowStreaming,7057,-2,23,5.02
NanoHttpd/nanohttpd,https://github.com/NanoHttpd/nanohttpd,7054,-34,3,12.63
naman14/Timber,https://github.com/naman14/Timber,7034,3,5,9.79
NLPchina/elasticsearch-sql,https://github.com/NLPchina/elasticsearch-sql,7008,90,261,10.59
Alluxio/alluxio,https://github.com/Alluxio/alluxio,6964,0,61,12.27
google/error-prone,https://github.com/google/error-prone,6948,5,53,10.6
rest-assured/rest-assured,https://github.com/rest-assured/rest-assured,6942,0,0,14.44
DroidPluginTeam/DroidPlugin,https://github.com/DroidPluginTeam/DroidPlugin,6919,-33,2,9.59
mrniko/netty-socketio,https://github.com/mrniko/netty-socketio,6918,0,19,13.21
jeecgboot/jimureport,https://github.com/jeecgboot/jimureport,6908,2,25,5.31
hongyangAndroid/okhttputils,https://github.com/hongyangAndroid/okhttputils,6870,3,0,9.61
h2pl/JavaTutorial,https://github.com/h2pl/JavaTutorial,6867,0,1,6.91
alibaba/jvm-sandbox,https://github.com/alibaba/jvm-sandbox,6862,-37,13,7.65
gunnarmorling/1brc,https://github.com/gunnarmorling/1brc,6847,0,0,1.25
dependency-check/DependencyCheck,https://github.com/dependency-check/DependencyCheck,6818,0,82,12.57
Meituan-Dianping/walle,https://github.com/Meituan-Dianping/walle,6815,49,1,8.21
AntennaPod/AntennaPod,https://github.com/AntennaPod/AntennaPod,6808,0,60,12.66
zo0r/react-native-push-notification,https://github.com/zo0r/react-native-push-notification,6777,0,35,9.29
Angel-ML/angel,https://github.com/Angel-ML/angel,6751,133,19,7.93
rabbitmq/rabbitmq-tutorials,https://github.com/rabbitmq/rabbitmq-tutorials,6733,0,0,14.52
zouzg/mybatis-generator-gui,https://github.com/zouzg/mybatis-generator-gui,6699,203,16,8.89
markzhai/AndroidPerformanceMonitor,https://github.com/markzhai/AndroidPerformanceMonitor,6698,0,0,9.2
hongyangAndroid/AndroidAutoLayout,https://github.com/hongyangAndroid/AndroidAutoLayout,6676,1,0,9.36
Genymobile/gnirehtet,https://github.com/Genymobile/gnirehtet,6674,0,12,8.13
guardianproject/haven,https://github.com/guardianproject/haven,6673,0,37,8.08
wiremock/wiremock,https://github.com/wiremock/wiremock,6671,0,49,13.47
langchain4j/langchain4j,https://github.com/langchain4j/langchain4j,6669,-128,43,1.77
macrozheng/springcloud-learning,https://github.com/macrozheng/springcloud-learning,6652,-13,0,5.56
smuyyh/BookReader,https://github.com/smuyyh/BookReader,6648,-32,0,8.65
yanzhenjie/AndPermission,https://github.com/yanzhenjie/AndPermission,6634,6,0,8.55
527515025/springBoot,https://github.com/527515025/springBoot,6634,0,0,8.39
ZCShou/GoGoGo,https://github.com/ZCShou/GoGoGo,6632,0,7,3.32
apache/storm,https://github.com/apache/storm,6612,1,3,11.4
gzu-liyujiang/AndroidPicker,https://github.com/gzu-liyujiang/AndroidPicker,6604,0,57,9.44
getActivity/AndroidProject,https://github.com/getActivity/AndroidProject,6597,0,17,6.43
GrenderG/Toasty,https://github.com/GrenderG/Toasty,6589,0,19,8.19
fuzhengwei/itstack-demo-design,https://github.com/fuzhengwei/itstack-demo-design,6575,10,0,4.85
junit-team/junit5,https://github.com/junit-team/junit5,6558,0,84,10.21
Meituan-Dianping/Leaf,https://github.com/Meituan-Dianping/Leaf,6557,0,0,6.3
NLPchina/ansj_seg,https://github.com/NLPchina/ansj_seg,6517,3,3,12.56
processing/processing,https://github.com/processing/processing,6505,0,48,12.18
apache/zeppelin,https://github.com/apache/zeppelin,6474,6,0,10.01
ximsfei/Android-skin-support,https://github.com/ximsfei/Android-skin-support,6466,0,0,8.21
raphw/byte-buddy,https://github.com/raphw/byte-buddy,6452,3,301,11.34
quartz-scheduler/quartz,https://github.com/quartz-scheduler/quartz,6448,0,5,9.06
vinc3m1/RoundedImageView,https://github.com/vinc3m1/RoundedImageView,6433,0,19,12.1
ArthurHub/Android-Image-Cropper,https://github.com/ArthurHub/Android-Image-Cropper,6423,10,32,10.2
JesusFreke/smali,https://github.com/JesusFreke/smali,6422,4,0,12.51
CoderLeixiaoshuai/java-eight-part,https://github.com/CoderLeixiaoshuai/java-eight-part,6416,-352,0,4.44
wxiaoqi/Spring-Cloud-Platform,https://github.com/wxiaoqi/Spring-Cloud-Platform,6401,-10,3,7.84
jOOQ/jOOQ,https://github.com/jOOQ/jOOQ,6342,3,90,13.95
Col-E/Recaf,https://github.com/Col-E/Recaf,6334,-38,169,7.67
AsyncHttpClient/async-http-client,https://github.com/AsyncHttpClient/async-http-client,6326,0,5,14.06
sshahine/JFoenix,https://github.com/sshahine/JFoenix,6317,0,0,9.55
aa112901/remusic,https://github.com/aa112901/remusic,6297,0,0,9.01
wasabeef/richeditor-android,https://github.com/wasabeef/richeditor-android,6293,24,0,10.0
koush/ion,https://github.com/koush/ion,6281,2,0,11.85
joelittlejohn/jsonschema2pojo,https://github.com/joelittlejohn/jsonschema2pojo,6277,-4,63,11.77
hazelcast/hazelcast,https://github.com/hazelcast/hazelcast,6276,0,200,13.02
amitshekhariitbhu/from-java-to-kotlin,https://github.com/amitshekhariitbhu/from-java-to-kotlin,6258,1,0,7.85
lightbend/config,https://github.com/lightbend/config,6222,4,1,13.32
ityouknow/spring-cloud-examples,https://github.com/ityouknow/spring-cloud-examples,6216,9,0,7.92
pig-mesh/pig,https://github.com/pig-mesh/pig,6209,0,19,5.59
micronaut-projects/micronaut-core,https://github.com/micronaut-projects/micronaut-core,6194,0,279,7.06
exadel-inc/CompreFace,https://github.com/exadel-inc/CompreFace,6191,66,11,4.73
graphql-java/graphql-java,https://github.com/graphql-java/graphql-java,6166,1310,82,9.73
haifengl/smile,https://github.com/haifengl/smile,6150,0,32,10.35
ikew0ng/SwipeBackLayout,https://github.com/ikew0ng/SwipeBackLayout,6120,1,0,11.59
hibernate/hibernate-orm,https://github.com/hibernate/hibernate-orm,6119,2,67,14.48
google/grafika,https://github.com/google/grafika,6114,0,1,11.27
rengwuxian/MaterialEditText,https://github.com/rengwuxian/MaterialEditText,6104,1,19,10.41
apache/hertzbeat,https://github.com/apache/hertzbeat,6097,0,22,3.14
daimajia/NumberProgressBar,https://github.com/daimajia/NumberProgressBar,6095,1,3,10.91
vespa-engine/vespa,https://github.com/vespa-engine/vespa,6076,-441,209,8.82
gephi/gephi,https://github.com/gephi/gephi,6063,165,19,13.44
getActivity/XXPermissions,https://github.com/getActivity/XXPermissions,6028,0,63,6.78
pedrovgs/EffectiveAndroidUI,https://github.com/pedrovgs/EffectiveAndroidUI,6024,4,0,10.74
singwhatiwanna/dynamic-load-apk,https://github.com/singwhatiwanna/dynamic-load-apk,6020,0,0,11.0
apache/flink-cdc,https://github.com/apache/flink-cdc,6014,41,21,4.67
google/j2objc,https://github.com/google/j2objc,6007,116,0,11.16
auth0/java-jwt,https://github.com/auth0/java-jwt,5998,15,45,11.06
rey5137/material,https://github.com/rey5137/material,5997,0,10,10.3
google/physical-web,https://github.com/google/physical-web,5988,0,17,10.49
wyouflf/xUtils3,https://github.com/wyouflf/xUtils3,5980,-12,9,9.42
apache/incubator-kie-drools,https://github.com/apache/incubator-kie-drools,5979,51,5,14.11
Vedenin/useful-java-links,https://github.com/Vedenin/useful-java-links,5970,0,0,9.12
liyifeng1994/ssm,https://github.com/liyifeng1994/ssm,5950,21,0,8.78
robolectric/robolectric,https://github.com/robolectric/robolectric,5941,0,105,14.59
springfox/springfox,https://github.com/springfox/springfox,5937,2,12,12.9
antoniolg/androidmvp,https://github.com/antoniolg/androidmvp,5925,-2,0,10.99
prolificinteractive/material-calendarview,https://github.com/prolificinteractive/material-calendarview,5922,0,22,10.13
DerekYRC/mini-spring,https://github.com/DerekYRC/mini-spring,5920,0,0,4.36
alipay/SoloPi,https://github.com/alipay/SoloPi,5908,1,8,6.04
LandGrey/SpringBootVulExploit,https://github.com/LandGrey/SpringBootVulExploit,5893,-2,0,4.85
weibocom/motan,https://github.com/weibocom/motan,5886,4,26,8.94
vavr-io/vavr,https://github.com/vavr-io/vavr,5872,0,18,11.16
btraceio/btrace,https://github.com/btraceio/btrace,5871,0,33,10.58
lets-blade/blade,https://github.com/lets-blade/blade,5861,0,9,9.8
jetlinks/jetlinks-community,https://github.com/jetlinks/jetlinks-community,5841,1,19,5.24
journeyapps/zxing-android-embedded,https://github.com/journeyapps/zxing-android-embedded,5828,0,9,12.33
Nightonke/BoomMenu,https://github.com/Nightonke/BoomMenu,5803,0,0,9.03
yarolegovich/DiscreteScrollView,https://github.com/yarolegovich/DiscreteScrollView,5789,-7,2,8.07
changmingxie/tcc-transaction,https://github.com/changmingxie/tcc-transaction,5788,0,8,9.32
JakeWharton/DiskLruCache,https://github.com/JakeWharton/DiskLruCache,5785,0,0,13.23
apache/camel,https://github.com/apache/camel,5779,0,0,15.86
dmytrodanylyk/circular-progress-button,https://github.com/dmytrodanylyk/circular-progress-button,5769,-1,3,10.81
amitshekhariitbhu/Fast-Android-Networking,https://github.com/amitshekhariitbhu/Fast-Android-Networking,5769,24,10,9.02
obsidiandynamics/kafdrop,https://github.com/obsidiandynamics/kafdrop,5768,0,49,5.84
google/google-java-format,https://github.com/google/google-java-format,5740,5,32,9.88
648540858/wvp-GB28181-pro,https://github.com/648540858/wvp-GB28181-pro,5737,4,0,4.36
Devlight/InfiniteCycleViewPager,https://github.com/Devlight/InfiniteCycleViewPager,5736,10,2,8.6
WeiYe-Jing/datax-web,https://github.com/WeiYe-Jing/datax-web,5732,-1,5,5.36
traccar/traccar,https://github.com/traccar/traccar,5730,0,55,12.95
ffay/lanproxy,https://github.com/ffay/lanproxy,5729,0,1,8.35
javaparser/javaparser,https://github.com/javaparser/javaparser,5722,0,53,13.41
apache/iotdb,https://github.com/apache/iotdb,5717,39,39,6.34
k0shk0sh/FastHub,https://github.com/k0shk0sh/FastHub,5716,15,63,8.1
opengoofy/hippo4j,https://github.com/opengoofy/hippo4j,5715,0,18,3.78
jpush/aurora-imui,https://github.com/jpush/aurora-imui,5713,-13622,42,8.29
apache/hudi,https://github.com/apache/hudi,5707,44,30,8.28
nayuki/QR-Code-generator,https://github.com/nayuki/QR-Code-generator,5704,-4,5,8.95
Nepxion/Discovery,https://github.com/Nepxion/Discovery,5701,416,130,6.77
springside/springside4,https://github.com/springside/springside4,5699,-4,3,13.1
apache/pinot,https://github.com/apache/pinot,5691,82,20,10.86
graphhopper/graphhopper,https://github.com/graphhopper/graphhopper,5690,-9,45,13.11
yanzhenjie/SwipeRecyclerView,https://github.com/yanzhenjie/SwipeRecyclerView,5682,-24,0,8.65
FongMi/TV,https://github.com/FongMi/TV,5680,0,0,2.76
JakeWharton/u2020,https://github.com/JakeWharton/u2020,5671,-5,0,11.37
apache/hive,https://github.com/apache/hive,5666,-24,0,15.86
ZhongFuCheng3y/austin,https://github.com/ZhongFuCheng3y/austin,5655,63,0,3.39
youtube/api-samples,https://github.com/youtube/api-samples,5653,41,0,11.3
Javen205/IJPay,https://github.com/Javen205/IJPay,5652,0,24,7.91
crazycodeboy/react-native-splash-screen,https://github.com/crazycodeboy/react-native-splash-screen,5640,16,12,8.54
hanks-zyh/HTextView,https://github.com/hanks-zyh/HTextView,5640,0,0,9.27
wasabeef/Blurry,https://github.com/wasabeef/Blurry,5633,-7,0,9.68
daimajia/AndroidImageSlider,https://github.com/daimajia/AndroidImageSlider,5625,0,5,10.82
JSQLParser/JSqlParser,https://github.com/JSQLParser/JSqlParser,5618,127,35,13.77
hongyangAndroid/FlowLayout,https://github.com/hongyangAndroid/FlowLayout,5595,12,0,9.59
amlcurran/ShowcaseView,https://github.com/amlcurran/ShowcaseView,5590,0,13,12.62
MuntashirAkon/AppManager,https://github.com/MuntashirAkon/AppManager,5586,30,72,4.83
dromara/lamp-cloud,https://github.com/dromara/lamp-cloud,5586,1471,0,7.19
TommyLemon/Android-ZBLibrary,https://github.com/TommyLemon/Android-ZBLibrary,5566,1,25,9.61
jagrosh/MusicBot,https://github.com/jagrosh/MusicBot,5561,0,38,8.62
knightliao/disconf,https://github.com/knightliao/disconf,5553,0,12,10.83
nhaarman/ListViewAnimations,https://github.com/nhaarman/ListViewAnimations,5551,7,14,12.03
logisim-evolution/logisim-evolution,https://github.com/logisim-evolution/logisim-evolution,5550,899,30,10.53
redis/lettuce,https://github.com/redis/lettuce,5536,86,128,10.88
ZHENFENG13/spring-boot-projects,https://github.com/ZHENFENG13/spring-boot-projects,5530,-15316,0,7.99
ElderDrivers/EdXposed,https://github.com/ElderDrivers/EdXposed,5529,-20,27,6.19
baidu/uid-generator,https://github.com/baidu/uid-generator,5510,0,0,8.01
TeamAmaze/AmazeFileManager,https://github.com/TeamAmaze/AmazeFileManager,5509,6,66,10.71
emilsjolander/StickyListHeaders,https://github.com/emilsjolander/StickyListHeaders,5502,0,16,13.05
sockeqwe/mosby,https://github.com/sockeqwe/mosby,5480,0,15,10.01
wuhaoyu1990/MagicCamera,https://github.com/wuhaoyu1990/MagicCamera,5473,-1,0,9.22
alibaba/freeline,https://github.com/alibaba/freeline,5472,-178,22,8.65
danikula/AndroidVideoCache,https://github.com/danikula/AndroidVideoCache,5460,0,20,9.99
JanusGraph/janusgraph,https://github.com/JanusGraph/janusgraph,5456,15,28,8.25
dm77/barcodescanner,https://github.com/dm77/barcodescanner,5454,6,6,11.09
scribejava/scribejava,https://github.com/scribejava/scribejava,5451,-7,9,14.56
KeepSafe/TapTargetView,https://github.com/KeepSafe/TapTargetView,5427,1,24,8.55
facebookarchive/rebound,https://github.com/facebookarchive/rebound,5422,0,10,11.47
meefik/linuxdeploy,https://github.com/meefik/linuxdeploy,5417,0,37,12.61
motianhuo/wechat,https://github.com/motianhuo/wechat,5413,0,0,9.85
jeequan/jeepay,https://github.com/jeequan/jeepay,5412,9,0,7.63
apache/dubbo-spring-boot-project,https://github.com/apache/dubbo-spring-boot-project,5411,-10,13,7.19
Jasonchenlijian/FastBle,https://github.com/Jasonchenlijian/FastBle,5381,-3,9,8.6
Evernote/android-job,https://github.com/Evernote/android-job,5370,3,31,9.61
socketio/socket.io-client-java,https://github.com/socketio/socket.io-client-java,5369,0,7,11.92
jgilfelt/SystemBarTint,https://github.com/jgilfelt/SystemBarTint,5360,0,3,11.36
commonsguy/cw-omnibus,https://github.com/commonsguy/cw-omnibus,5351,-3,36,13.05
facebookarchive/shimmer-android,https://github.com/facebookarchive/shimmer-android,5346,2,5,10.08
XRecyclerView/XRecyclerView,https://github.com/XRecyclerView/XRecyclerView,5333,0,0,9.36
h6ah4i/android-advancedrecyclerview,https://github.com/h6ah4i/android-advancedrecyclerview,5325,3,1,10.18
apache/hbase,https://github.com/apache/hbase,5312,17,45,10.85
alibaba/jetcache,https://github.com/alibaba/jetcache,5304,0,66,7.96
mybatis/generator,https://github.com/mybatis/generator,5302,0,11,12.13
evant/gradle-retrolambda,https://github.com/evant/gradle-retrolambda,5292,-12,37,11.65
spring-projects/spring-data-examples,https://github.com/spring-projects/spring-data-examples,5284,4,0,11.16
xxv/android-lifecycle,https://github.com/xxv/android-lifecycle,5273,12,0,10.95
yixia/VitamioBundle,https://github.com/yixia/VitamioBundle,5270,8,0,12.44
apache/groovy,https://github.com/apache/groovy,5269,0,0,9.95
google/google-authenticator,https://github.com/google/google-authenticator,5263,78,0,10.47
zfdang/Android-Touch-Helper,https://github.com/zfdang/Android-Touch-Helper,5250,8,112,4.45
Yalantis/Side-Menu.Android,https://github.com/Yalantis/Side-Menu.Android,5247,0,2,10.21
CeuiLiSA/Pixiv-Shaft,https://github.com/CeuiLiSA/Pixiv-Shaft,5244,70,110,5.99
thinkaurelius/titan,https://github.com/thinkaurelius/titan,5241,-13,0,13.09
coobird/thumbnailator,https://github.com/coobird/thumbnailator,5241,0,0,9.68
lucasr/twoway-view,https://github.com/lucasr/twoway-view,5230,0,0,12.19
Karumi/Dexter,https://github.com/Karumi/Dexter,5224,1,33,9.36
201206030/novel,https://github.com/201206030/novel,5219,-1,12,5.38
razerdp/BasePopup,https://github.com/razerdp/BasePopup,5216,5,15,9.2
lingochamp/okdownload,https://github.com/lingochamp/okdownload,5215,19,8,7.28
Clans/FloatingActionButton,https://github.com/Clans/FloatingActionButton,5214,-1,14,10.02
CodingDocs/springboot-guide,https://github.com/CodingDocs/springboot-guide,5213,0,0,6.33
LFDT-web3j/web3j,https://github.com/LFDT-web3j/web3j,5200,0,118,8.56
apache/nifi,https://github.com/apache/nifi,5200,-520,0,10.3
huangyanbin/smartTable,https://github.com/huangyanbin/smartTable,5186,5,44,7.39
ddd-by-examples/library,https://github.com/ddd-by-examples/library,5186,5,0,6.21
hustcc/JS-Sorting-Algorithm,https://github.com/hustcc/JS-Sorting-Algorithm,5172,57,0,8.19
strimzi/strimzi-kafka-operator,https://github.com/strimzi/strimzi-kafka-operator,5159,4,146,8.9
square/otto,https://github.com/square/otto,5151,0,0,12.75
careercup/ctci,https://github.com/careercup/ctci,5146,2,0,12.02
Doikki/DKVideoPlayer,https://github.com/Doikki/DKVideoPlayer,5136,0,32,7.96
android/views-widgets-samples,https://github.com/android/views-widgets-samples,5112,14,0,5.56
citerus/dddsample-core,https://github.com/citerus/dddsample-core,5109,0,0,10.16
00-Evan/shattered-pixel-dungeon,https://github.com/00-Evan/shattered-pixel-dungeon,5105,29,50,10.66
mik3y/usb-serial-for-android,https://github.com/mik3y/usb-serial-for-android,5089,1,33,11.75
PhilippC/keepass2android,https://github.com/PhilippC/keepass2android,5087,1,30,7.52
bitcoinj/bitcoinj,https://github.com/bitcoinj/bitcoinj,5069,-1,14,11.36
reactor/reactor-core,https://github.com/reactor/reactor-core,5057,125,197,9.38
remkop/picocli,https://github.com/remkop/picocli,5053,83,85,8.15
wequick/Small,https://github.com/wequick/Small,5053,10,25,9.34
CaffeineMC/sodium,https://github.com/CaffeineMC/sodium,5045,1,40,5.15
deathmarine/Luyten,https://github.com/deathmarine/Luyten,5036,0,17,11.72
OpenTSDB/opentsdb,https://github.com/OpenTSDB/opentsdb,5032,32,27,14.59
ikarus23/MifareClassicTool,https://github.com/ikarus23/MifareClassicTool,5029,1,8,12.12
natario1/CameraView,https://github.com/natario1/CameraView,5022,4,42,7.7
Trinea/android-common,https://github.com/Trinea/android-common,5017,0,1,12.78
brianfrankcooper/YCSB,https://github.com/brianfrankcooper/YCSB,5017,-3,55,14.95
pmd/pmd,https://github.com/pmd/pmd,5016,404,101,12.72
j-easy/easy-rules,https://github.com/j-easy/easy-rules,5016,2,10,12.05
yipianfengye/android-zxingLibrary,https://github.com/yipianfengye/android-zxingLibrary,5015,-10,0,8.67
sofastack/sofa-boot,https://github.com/sofastack/sofa-boot,5015,0,80,6.99
rubensousa/GravitySnapHelper,https://github.com/rubensousa/GravitySnapHelper,5007,4,14,8.58
zhanglei-workspace/shopping-management-system,https://github.com/zhanglei-workspace/shopping-management-system,4999,1,0,9.36
alibaba/UltraViewPager,https://github.com/alibaba/UltraViewPager,4998,2,10,8.0
orhanobut/dialogplus,https://github.com/orhanobut/dialogplus,4994,15,9,10.3
alibaba/QLExpress,https://github.com/alibaba/QLExpress,4992,0,10,8.04
rubenlagus/TelegramBots,https://github.com/rubenlagus/TelegramBots,4990,329,105,9.21
novicezk/midjourney-proxy,https://github.com/novicezk/midjourney-proxy,4988,2,0,1.92
DingMouRen/LayoutManagerGroup,https://github.com/DingMouRen/LayoutManagerGroup,4986,-15,0,6.92
Fuzion24/JustTrustMe,https://github.com/Fuzion24/JustTrustMe,4986,0,1,10.68
JodaOrg/joda-time,https://github.com/JodaOrg/joda-time,4982,5,49,13.87
xuexiangjys/XUI,https://github.com/xuexiangjys/XUI,4981,0,23,6.22
spring-attic/spring-mvc-showcase,https://github.com/spring-attic/spring-mvc-showcase,4981,2,0,13.82
frogermcs/InstaMaterial,https://github.com/frogermcs/InstaMaterial,4979,-13,1,10.38
LWJGL/lwjgl3,https://github.com/LWJGL/lwjgl3,4977,1227,21,12.26
osmandapp/OsmAnd,https://github.com/osmandapp/OsmAnd,4966,15,1,14.2
youlookwhat/CloudReader,https://github.com/youlookwhat/CloudReader,4964,39,25,8.35
jankotek/mapdb,https://github.com/jankotek/mapdb,4960,-1,0,12.61
liquibase/liquibase,https://github.com/liquibase/liquibase,4960,91,101,13.73
spring-projects/spring-authorization-server,https://github.com/spring-projects/spring-authorization-server,4958,150,69,5.03
tonikelope/megabasterd,https://github.com/tonikelope/megabasterd,4952,-766,208,8.49
2227324689/gpmall,https://github.com/2227324689/gpmall,4952,50,0,5.69
amitshekhariitbhu/RxJava2-Android-Samples,https://github.com/amitshekhariitbhu/RxJava2-Android-Samples,4952,1,0,8.59
runelite/runelite,https://github.com/runelite/runelite,4950,-78,0,8.91
Devlight/NavigationTabBar,https://github.com/Devlight/NavigationTabBar,4948,4,13,9.0
Exrick/xpay,https://github.com/Exrick/xpay,4940,-1,0,7.29
GeyserMC/Geyser,https://github.com/GeyserMC/Geyser,4939,52,0,5.72
traex/RippleEffect,https://github.com/traex/RippleEffect,4920,5,0,10.45
react-native-linear-gradient/react-native-linear-gradient,https://github.com/react-native-linear-gradient/react-native-linear-gradient,4916,-9,18,9.99
apache/ignite,https://github.com/apache/ignite,4904,-360,0,10.11
Ramotion/folding-cell-android,https://github.com/Ramotion/folding-cell-android,4903,0,0,8.99
spring-cloud/spring-cloud-netflix,https://github.com/spring-cloud/spring-cloud-netflix,4902,0,19,10.72
CellularPrivacy/Android-IMSI-Catcher-Detector,https://github.com/CellularPrivacy/Android-IMSI-Catcher-Detector,4902,-13,48,11.35
oshi/oshi,https://github.com/oshi/oshi,4895,0,162,13.13
youlookwhat/DesignPattern,https://github.com/youlookwhat/DesignPattern,4890,-174,0,8.44
houbb/sensitive-word,https://github.com/houbb/sensitive-word,4887,3,2,5.22
line/armeria,https://github.com/line/armeria,4885,302,255,9.37
tianshiyeben/wgcloud,https://github.com/tianshiyeben/wgcloud,4883,10,27,6.2
roncoo/roncoo-pay,https://github.com/roncoo/roncoo-pay,4880,1,0,8.69
lugg/react-native-config,https://github.com/lugg/react-native-config,4876,6,26,9.1
microsoft/typespec,https://github.com/microsoft/typespec,4870,10,152,3.74
baomidou/dynamic-datasource,https://github.com/baomidou/dynamic-datasource,4868,78,18,6.92
cinit/QAuxiliary,https://github.com/cinit/QAuxiliary,4860,0,46,3.16
cglib/cglib,https://github.com/cglib/cglib,4843,0,15,11.0
bisq-network/bisq,https://github.com/bisq-network/bisq,4839,82,140,11.05
querydsl/querydsl,https://github.com/querydsl/querydsl,4838,0,35,13.65
DiUS/java-faker,https://github.com/DiUS/java-faker,4837,120,0,13.82
reactive-streams/reactive-streams-jvm,https://github.com/reactive-streams/reactive-streams-jvm,4834,0,0,11.08
WuKongOpenSource/WukongCRM-11.0-JAVA,https://github.com/WuKongOpenSource/WukongCRM-11.0-JAVA,4832,0,0,3.98
mcxiaoke/packer-ng-plugin,https://github.com/mcxiaoke/packer-ng-plugin,4821,4,1,9.35
andkulikov/Transitions-Everywhere,https://github.com/andkulikov/Transitions-Everywhere,4816,0,23,10.45
claritylab/lucida,https://github.com/claritylab/lucida,4804,0,0,10.88
TheoKanning/openai-java,https://github.com/TheoKanning/openai-java,4800,3,22,4.53
killbill/killbill,https://github.com/killbill/killbill,4798,324,149,12.44
jindrapetrik/jpexs-decompiler,https://github.com/jindrapetrik/jpexs-decompiler,4789,21,168,10.88
orientechnologies/orientdb,https://github.com/orientechnologies/orientdb,4788,-27,219,12.3
diffplug/spotless,https://github.com/diffplug/spotless,4778,0,20,9.92
killme2008/aviatorscript,https://github.com/killme2008/aviatorscript,4776,0,52,14.0
apache/calcite,https://github.com/apache/calcite,4771,85,0,10.76
saiwu-bigkoo/Android-ConvenientBanner,https://github.com/saiwu-bigkoo/Android-ConvenientBanner,4770,195,0,10.27
react-native-webrtc/react-native-webrtc,https://github.com/react-native-webrtc/react-native-webrtc,4766,-344,80,9.5
rstudio/rstudio,https://github.com/rstudio/rstudio,4766,-56,0,14.31
Suwayomi/Suwayomi-Server,https://github.com/Suwayomi/Suwayomi-Server,4764,0,56,4.26
hneemann/Digital,https://github.com/hneemann/Digital,4762,0,35,8.75
AutoMQ/automq,https://github.com/AutoMQ/automq,4761,1,57,1.61
etsy/AndroidStaggeredGrid,https://github.com/etsy/AndroidStaggeredGrid,4751,7,7,11.3
fuzhengwei/small-spring,https://github.com/fuzhengwei/small-spring,4748,-8,0,3.87
google/cameraview,https://github.com/google/cameraview,4743,4,0,8.65
ronmamo/reflections,https://github.com/ronmamo/reflections,4739,-6,3,11.95
nisrulz/android-tips-tricks,https://github.com/nisrulz/android-tips-tricks,4735,3,0,8.59
kyleduo/SwitchButton,https://github.com/kyleduo/SwitchButton,4731,-166,0,10.55
tuguangquan/mybatis,https://github.com/tuguangquan/mybatis,4726,5,0,10.4
javastacks/spring-boot-best-practice,https://github.com/javastacks/spring-boot-best-practice,4724,1,0,6.38
hongyangAndroid/baseAdapter,https://github.com/hongyangAndroid/baseAdapter,4722,6,0,9.65
hansonwang99/Spring-Boot-In-Action,https://github.com/hansonwang99/Spring-Boot-In-Action,4706,0,0,6.16
jgilfelt/chuck,https://github.com/jgilfelt/chuck,4701,5,5,8.13
spring-attic/spring-security-oauth,https://github.com/spring-attic/spring-security-oauth,4694,-2,0,13.68
mock-server/mockserver,https://github.com/mock-server/mockserver,4694,0,0,12.09
pardom-zz/ActiveAndroid,https://github.com/pardom-zz/ActiveAndroid,4690,145,0,12.37
firebase/FirebaseUI-Android,https://github.com/firebase/FirebaseUI-Android,4671,34,66,9.72
wdullaer/MaterialDateTimePicker,https://github.com/wdullaer/MaterialDateTimePicker,4667,0,54,10.23
gabrielemariotti/cardslib,https://github.com/gabrielemariotti/cardslib,4650,0,27,11.52
romandanylyk/PageIndicatorView,https://github.com/romandanylyk/PageIndicatorView,4640,0,14,8.6
zlt2000/microservices-platform,https://github.com/zlt2000/microservices-platform,4640,13,30,6.06
zq2599/blog_demos,https://github.com/zq2599/blog_demos,4637,-25,0,7.97
SPLWare/esProc,https://github.com/SPLWare/esProc,4629,-1,0,3.38
spring-cloud/spring-cloud-gateway,https://github.com/spring-cloud/spring-cloud-gateway,4618,207,24,8.36
cjlin1/libsvm,https://github.com/cjlin1/libsvm,4615,0,0,11.55
SplashCodes/JAViewer,https://github.com/SplashCodes/JAViewer,4612,38,10,8.85
Heeexy/SpringBoot-Shiro-Vue,https://github.com/Heeexy/SpringBoot-Shiro-Vue,4603,2,0,7.36
Netflix/ribbon,https://github.com/Netflix/ribbon,4598,0,41,12.2
stleary/JSON-java,https://github.com/stleary/JSON-java,4595,42,23,14.27
apache/rocketmq-externals,https://github.com/apache/rocketmq-externals,4591,3018,0,8.04
Sayi/poi-tl,https://github.com/Sayi/poi-tl,4591,0,14,10.03
yasserg/crawler4j,https://github.com/yasserg/crawler4j,4581,0,3,13.24
chentao0707/SimplifyReader,https://github.com/chentao0707/SimplifyReader,4576,2,0,9.62
dunwu/db-tutorial,https://github.com/dunwu/db-tutorial,4572,96,0,7.64
saysky/ForestBlog,https://github.com/saysky/ForestBlog,4571,9,0,7.47
puniverse/quasar,https://github.com/puniverse/quasar,4570,1,18,12.01
micrometer-metrics/micrometer,https://github.com/micrometer-metrics/micrometer,4569,61,255,7.96
bytedeco/javacpp,https://github.com/bytedeco/javacpp,4565,150,12,10.94
javagrowing/JGrowing,https://github.com/javagrowing/JGrowing,4564,-2,0,6.08
danielzeller/Depth-LIB-Android-,https://github.com/danielzeller/Depth-LIB-Android-,4557,-2,0,8.92
square/sqlbrite,https://github.com/square/sqlbrite,4556,2,9,10.11
go-lang-plugin-org/go-lang-idea-plugin,https://github.com/go-lang-plugin-org/go-lang-idea-plugin,4555,5,21,14.59
zhanghai/Douya,https://github.com/zhanghai/Douya,4555,0,11,9.15
apache/maven,https://github.com/apache/maven,4553,108,23,15.86
jdamcd/android-crop,https://github.com/jdamcd/android-crop,4543,-5,6,11.05
Docile-Alligator/Infinity-For-Reddit,https://github.com/Docile-Alligator/Infinity-For-Reddit,4537,3,174,6.67
RedSpider1/concurrent,https://github.com/RedSpider1/concurrent,4532,0,0,6.4
981011512/--,https://github.com/981011512/--,4532,0,0,4.77
alibaba/dexposed,https://github.com/alibaba/dexposed,4523,2,0,9.75
Flipboard/bottomsheet,https://github.com/Flipboard/bottomsheet,4521,3,10,9.93
CalebFenton/simplify,https://github.com/CalebFenton/simplify,4519,0,9,11.2
chewiebug/GCViewer,https://github.com/chewiebug/GCViewer,4518,461,5,13.44
nextcloud/android,https://github.com/nextcloud/android,4514,15,245,8.81
castorflex/SmoothProgressBar,https://github.com/castorflex/SmoothProgressBar,4513,0,9,11.33
allure-framework/allure2,https://github.com/allure-framework/allure2,4499,0,76,8.84
JZ-Darkal/AndroidHttpCapture,https://github.com/JZ-Darkal/AndroidHttpCapture,4496,0,1,8.45
HotBitmapGG/bilibili-android-client,https://github.com/HotBitmapGG/bilibili-android-client,4493,-19,1,8.82
azkaban/azkaban,https://github.com/azkaban/azkaban,4490,-12,48,12.45
phishman3579/java-algorithms-implementation,https://github.com/phishman3579/java-algorithms-implementation,4486,1,0,11.36
objectbox/objectbox-java,https://github.com/objectbox/objectbox-java,4484,1,46,8.18
JakeWharton/NineOldAndroids,https://github.com/JakeWharton/NineOldAndroids,4480,9,0,13.31
oracle/opengrok,https://github.com/oracle/opengrok,4480,193,286,12.22
hussien89aa/AndroidTutorialForBeginners,https://github.com/hussien89aa/AndroidTutorialForBeginners,4474,0,0,8.5
tiann/epic,https://github.com/tiann/epic,4463,2,5,7.85
janishar/android-mvp-architecture,https://github.com/janishar/android-mvp-architecture,4445,0,0,8.17
discord-jda/JDA,https://github.com/discord-jda/JDA,4442,0,99,9.29
Meituan-Dianping/Robust,https://github.com/Meituan-Dianping/Robust,4439,0,13,8.04
square/android-times-square,https://github.com/square/android-times-square,4437,6,0,12.16
Tencent/GT,https://github.com/Tencent/GT,4407,-1,3,9.21
deepjavalibrary/djl,https://github.com/deepjavalibrary/djl,4397,5,33,5.41
airbnb/DeepLinkDispatch,https://github.com/airbnb/DeepLinkDispatch,4397,0,24,9.8
ant-media/Ant-Media-Server,https://github.com/ant-media/Ant-Media-Server,4395,0,62,8.08
dreamhead/moco,https://github.com/dreamhead/moco,4395,0,1,12.45
robinhood/ticker,https://github.com/robinhood/ticker,4388,4,9,8.7
rememberber/WePush,https://github.com/rememberber/WePush,4381,484,58,7.76
charles2gan/GDA-android-reversing-Tool,https://github.com/charles2gan/GDA-android-reversing-Tool,4379,2,40,7.41
angryip/ipscan,https://github.com/angryip/ipscan,4370,-1,30,13.75
Ashok-Varma/BottomNavigation,https://github.com/Ashok-Varma/BottomNavigation,4366,0,16,9.02
apache/shiro,https://github.com/apache/shiro,4364,0,11,15.59
spring-projects/spring-ai,https://github.com/spring-projects/spring-ai,4361,0,0,1.75
awangdev/leet-code,https://github.com/awangdev/leet-code,4356,-28,0,9.93
water8394/flink-recommandSystem-demo,https://github.com/water8394/flink-recommandSystem-demo,4355,-2,0,5.87
Freeyourgadget/Gadgetbridge,https://github.com/Freeyourgadget/Gadgetbridge,4318,0,0,10.23
h2database/h2database,https://github.com/h2database/h2database,4314,2,23,9.97
bingoogolapple/BGARefreshLayout-Android,https://github.com/bingoogolapple/BGARefreshLayout-Android,4311,12,4,9.84
jacoco/jacoco,https://github.com/jacoco/jacoco,4304,0,48,12.72
pytorch/serve,https://github.com/pytorch/serve,4302,0,24,5.48
jeasonlzy/ImagePicker,https://github.com/jeasonlzy/ImagePicker,4301,0,5,9.17
mcxiaoke/android-volley,https://github.com/mcxiaoke/android-volley,4289,-4,0,11.86
eirslett/frontend-maven-plugin,https://github.com/eirslett/frontend-maven-plugin,4286,-4,0,11.58
dromara/dynamic-tp,https://github.com/dromara/dynamic-tp,4278,-10,17,3.22
aporter/coursera-android,https://github.com/aporter/coursera-android,4278,-136,0,11.23
IoT-Technology/IoT-Technical-Guide,https://github.com/IoT-Technology/IoT-Technical-Guide,4277,0,0,5.99
fast-excel/fastexcel,https://github.com/fast-excel/fastexcel,4274,5,3,0.47
ongakuer/CircleIndicator,https://github.com/ongakuer/CircleIndicator,4269,8,7,10.66
grantland/android-autofittextview,https://github.com/grantland/android-autofittextview,4268,0,1,14.12
brianway/java-learning,https://github.com/brianway/java-learning,4265,0,0,9.13
bjmashibing/InternetArchitect,https://github.com/bjmashibing/InternetArchitect,4257,0,0,5.44
linhaojun857/aurora,https://github.com/linhaojun857/aurora,4255,375,0,2.6
ThirtyDegreesRay/OpenHub,https://github.com/ThirtyDegreesRay/OpenHub,4253,-170,31,7.71
dragonwell-project/dragonwell8,https://github.com/dragonwell-project/dragonwell8,4252,1046,38,6.06
zongzibinbin/MallChat,https://github.com/zongzibinbin/MallChat,4240,9,0,2.03
failsafe-lib/failsafe,https://github.com/failsafe-lib/failsafe,4238,0,0,9.75
ChadCSong/ShineButton,https://github.com/ChadCSong/ShineButton,4220,-54,2,8.73
codingapi/tx-lcn,https://github.com/codingapi/tx-lcn,4206,0,14,7.38
crate/crate,https://github.com/crate/crate,4204,-48,129,11.97
zhkl0228/unidbg,https://github.com/zhkl0228/unidbg,4202,15,15,6.08
hugeterry/CoordinatorTabLayout,https://github.com/hugeterry/CoordinatorTabLayout,4194,-16,0,8.16
camunda/camunda-bpm-platform,https://github.com/camunda/camunda-bpm-platform,4192,-13,0,12.24
jitsi/jitsi,https://github.com/jitsi/jitsi,4192,0,7,11.93
yhaolpz/FloatWindow,https://github.com/yhaolpz/FloatWindow,4191,-2,9,7.37
Jacksgong/JKeyboardPanelSwitch,https://github.com/Jacksgong/JKeyboardPanelSwitch,4188,0,14,9.74
mybatis/spring-boot-starter,https://github.com/mybatis/spring-boot-starter,4187,0,31,9.51
powermock/powermock,https://github.com/powermock/powermock,4180,-92,16,10.84
oddfar/campus-imaotai,https://github.com/oddfar/campus-imaotai,4180,5,11,1.72
bingoogolapple/BGABanner-Android,https://github.com/bingoogolapple/BGABanner-Android,4175,10,0,10.42
jboss-javassist/javassist,https://github.com/jboss-javassist/javassist,4169,1,24,11.85
google/open-location-code,https://github.com/google/open-location-code,4169,0,5,10.49
gsantner/markor,https://github.com/gsantner/markor,4160,12,76,7.59
jlegewie/zotfile,https://github.com/jlegewie/zotfile,4152,0,33,13.25
aws/aws-sdk-java,https://github.com/aws/aws-sdk-java,4149,0,0,15.02
pedrovgs/AndroidWiFiADB,https://github.com/pedrovgs/AndroidWiFiADB,4145,0,8,9.44
microsoft/malmo,https://github.com/microsoft/malmo,4137,41,21,8.86
Snailclimb/guide-rpc-framework,https://github.com/Snailclimb/guide-rpc-framework,4126,17,0,4.88
dromara/hmily,https://github.com/dromara/hmily,4125,61,0,7.5
alibaba/Tangram-Android,https://github.com/alibaba/Tangram-Android,4114,2,38,8.0
dinuscxj/LoadingDrawable,https://github.com/dinuscxj/LoadingDrawable,4113,0,0,8.95
zendesk/maxwell,https://github.com/zendesk/maxwell,4100,9,213,10.13
Manabu-GT/ExpandableTextView,https://github.com/Manabu-GT/ExpandableTextView,4089,103,4,10.87
mywalkb/LSPosed_mod,https://github.com/mywalkb/LSPosed_mod,4087,0,10,3.0
s4kibs4mi/java-developer-roadmap,https://github.com/s4kibs4mi/java-developer-roadmap,4078,13,0,5.93
bepass-org/oblivion,https://github.com/bepass-org/oblivion,4075,2,12,1.13
code4craft/tiny-spring,https://github.com/code4craft/tiny-spring,4073,2140,0,11.21
nining377/dolby_beta,https://github.com/nining377/dolby_beta,4072,18,37,4.86
rubensousa/ViewPagerCards,https://github.com/rubensousa/ViewPagerCards,4067,5,0,8.6
oblac/jodd,https://github.com/oblac/jodd,4062,0,37,12.56
qunarcorp/bistoury,https://github.com/qunarcorp/bistoury,4060,7,8,5.66
luckybilly/CC,https://github.com/luckybilly/CC,4050,44,0,7.34
pqpo/SmartCropper,https://github.com/pqpo/SmartCropper,4046,20,13,7.65
DTStack/chunjun,https://github.com/DTStack/chunjun,4037,0,30,6.98
TGX-Android/Telegram-X,https://github.com/TGX-Android/Telegram-X,4029,0,4,3.61
oldmanpushcart/greys-anatomy,https://github.com/oldmanpushcart/greys-anatomy,4028,199,0,12.35
apache/streampark,https://github.com/apache/streampark,4027,0,28,5.84
xcltapestry/XCL-Charts,https://github.com/xcltapestry/XCL-Charts,4019,-6,0,10.8
apache/dubbo-admin,https://github.com/apache/dubbo-admin,4017,0,6,7.21
BoltsFramework/Bolts-Android,https://github.com/BoltsFramework/Bolts-Android,4011,0,11,11.16
Yalantis/Phoenix,https://github.com/Yalantis/Phoenix,4004,0,1,10.21
makovkastar/FloatingActionButton,https://github.com/makovkastar/FloatingActionButton,4003,5,0,10.68
lcodecorex/TwinklingRefreshLayout,https://github.com/lcodecorex/TwinklingRefreshLayout,4001,2,0,9.07
Piasy/BigImageViewer,https://github.com/Piasy/BigImageViewer,3988,-9,0,8.39
alibaba/fastjson2,https://github.com/alibaba/fastjson2,3986,1815,56,2.95
geoserver/geoserver,https://github.com/geoserver/geoserver,3986,3,55,13.38
orhanobut/hawk,https://github.com/orhanobut/hawk,3985,-240,22,10.1
qstumn/BadgeView,https://github.com/qstumn/BadgeView,3980,3,5,8.13
Aliucord/Aliucord,https://github.com/Aliucord/Aliucord,3971,3,14,4.08
binIoter/GuideView,https://github.com/binIoter/GuideView,3957,1,0,8.78
201206030/novel-plus,https://github.com/201206030/novel-plus,3956,62,27,4.9
jbloch/effective-java-3e-source-code,https://github.com/jbloch/effective-java-3e-source-code,3956,2,0,6.65
mercyblitz/tech-weekly,https://github.com/mercyblitz/tech-weekly,3955,1,0,6.32
NotFound9/interviewGuide,https://github.com/NotFound9/interviewGuide,3947,-11,0,8.94
zzhoujay/RichText,https://github.com/zzhoujay/RichText,3942,2,0,9.69
knowm/XChange,https://github.com/knowm/XChange,3939,0,0,13.16
JoanZapata/android-iconify,https://github.com/JoanZapata/android-iconify,3938,2,0,11.8
rengwuxian/RxJavaSamples,https://github.com/rengwuxian/RxJavaSamples,3937,0,3,9.01
JeremyLiao/LiveEventBus,https://github.com/JeremyLiao/LiveEventBus,3932,0,0,6.72
jMonkeyEngine/jmonkeyengine,https://github.com/jMonkeyEngine/jmonkeyengine,3931,118,69,11.02
rovo89/XposedInstaller,https://github.com/rovo89/XposedInstaller,3929,0,0,12.99
linyiqun/DataMiningAlgorithm,https://github.com/linyiqun/DataMiningAlgorithm,3910,5,0,10.21
bluelinelabs/Conductor,https://github.com/bluelinelabs/Conductor,3902,21,36,9.03
jetty/jetty.project,https://github.com/jetty/jetty.project,3902,6,113,13.71
alibaba/jstorm,https://github.com/alibaba/jstorm,3900,-7,22,11.57
kermitt2/grobid,https://github.com/kermitt2/grobid,3894,7,21,12.54
databricks/learning-spark,https://github.com/databricks/learning-spark,3891,0,0,10.79
fishercoder1534/Leetcode,https://github.com/fishercoder1534/Leetcode,3890,0,0,8.66
awaitility/awaitility,https://github.com/awaitility/awaitility,3887,0,0,15.18
PBH-BTN/PeerBanHelper,https://github.com/PBH-BTN/PeerBanHelper,3876,-12,116,1.13
JavaNoober/BackgroundLibrary,https://github.com/JavaNoober/BackgroundLibrary,3876,0,13,6.55
pingfangushi/screw,https://github.com/pingfangushi/screw,3866,9,0,4.77
amirzaidi/Launcher3,https://github.com/amirzaidi/Launcher3,3865,0,22,7.83
Exrick/xboot,https://github.com/Exrick/xboot,3863,9,6,6.93
sofastack/sofa-rpc,https://github.com/sofastack/sofa-rpc,3862,371,61,6.97
bitcoin-wallet/bitcoin-wallet,https://github.com/bitcoin-wallet/bitcoin-wallet,3861,0,0,12.99
promeG/TinyPinyin,https://github.com/promeG/TinyPinyin,3861,1,2,9.5
vipulasri/Timeline-View,https://github.com/vipulasri/Timeline-View,3854,0,15,9.28
VaughnVernon/IDDD_Samples,https://github.com/VaughnVernon/IDDD_Samples,3846,17,0,11.97
tronprotocol/java-tron,https://github.com/tronprotocol/java-tron,3840,131,79,7.25
aurelhubert/ahbottomnavigation,https://github.com/aurelhubert/ahbottomnavigation,3835,3,14,9.03
MiguelCatalan/MaterialSearchView,https://github.com/MiguelCatalan/MaterialSearchView,3830,154,6,9.54
JabRef/jabref,https://github.com/JabRef/jabref,3830,5,44,11.05
wendux/DSBridge-Android,https://github.com/wendux/DSBridge-Android,3827,8,2,8.24
RipMeApp/ripme,https://github.com/RipMeApp/ripme,3825,22,132,8.22
uknownothingsnow/CircleProgress,https://github.com/uknownothingsnow/CircleProgress,3819,28,0,10.41
shuzijun/leetcode-editor,https://github.com/shuzijun/leetcode-editor,3817,14,55,6.02
lukas-krecan/ShedLock,https://github.com/lukas-krecan/ShedLock,3811,0,0,8.29
syncthing/syncthing-android,https://github.com/syncthing/syncthing-android,3802,-1,332,11.1
LibrePDF/OpenPDF,https://github.com/LibrePDF/OpenPDF,3785,0,73,8.71
sunfusheng/MarqueeView,https://github.com/sunfusheng/MarqueeView,3782,-1,0,8.82
yanzhenjie/AndServer,https://github.com/yanzhenjie/AndServer,3773,0,1,8.79
lygttpod/SuperTextView,https://github.com/lygttpod/SuperTextView,3773,0,39,8.44
lilishop/lilishop,https://github.com/lilishop/lilishop,3771,-1,3,3.87
mpusher/mpush,https://github.com/mpusher/mpush,3770,7,9,8.92
ZHENFENG13/My-Blog,https://github.com/ZHENFENG13/My-Blog,3760,2,0,6.07
roboguice/roboguice,https://github.com/roboguice/roboguice,3758,11,0,12.63
andOTP/andOTP,https://github.com/andOTP/andOTP,3755,8,38,7.73
Ereza/CustomActivityOnCrash,https://github.com/Ereza/CustomActivityOnCrash,3752,0,12,10.73
react-native-share/react-native-share,https://github.com/react-native-share/react-native-share,3749,0,133,9.5
timehop/sticky-headers-recyclerview,https://github.com/timehop/sticky-headers-recyclerview,3745,3,0,10.49
CameraKit/blurkit-android,https://github.com/CameraKit/blurkit-android,3745,0,3,8.39
mcxtzhang/SwipeDelMenuLayout,https://github.com/mcxtzhang/SwipeDelMenuLayout,3744,70,2,8.59
googlesamples/mlkit,https://github.com/googlesamples/mlkit,3741,0,1,4.83
willowtreeapps/spruce-android,https://github.com/willowtreeapps/spruce-android,3720,-1,3,8.09
kubernetes-client/java,https://github.com/kubernetes-client/java,3714,0,53,7.89
uber/NullAway,https://github.com/uber/NullAway,3712,0,26,7.57
MovingBlocks/Terasology,https://github.com/MovingBlocks/Terasology,3712,0,70,14.07
Atmosphere/atmosphere,https://github.com/Atmosphere/atmosphere,3711,1,0,14.75
yanzhenjie/NoHttp,https://github.com/yanzhenjie/NoHttp,3707,3,0,9.67
stfalcon-studio/ChatKit,https://github.com/stfalcon-studio/ChatKit,3707,0,1,8.15
ryanhoo/StylishMusicPlayer,https://github.com/ryanhoo/StylishMusicPlayer,3705,86,0,8.54
ethanhua/Skeleton,https://github.com/ethanhua/Skeleton,3700,0,0,7.66
ByteLegend/ByteLegend,https://github.com/ByteLegend/ByteLegend,3698,4,0,4.15
torakiki/pdfsam,https://github.com/torakiki/pdfsam,3687,0,64,11.51
liuyubobobo/Play-with-Algorithms,https://github.com/liuyubobobo/Play-with-Algorithms,3686,88,0,8.73
zhpanvip/BannerViewPager,https://github.com/zhpanvip/BannerViewPager,3685,8,57,8.0
apache/kylin,https://github.com/apache/kylin,3685,0,2,10.24
yangfuhai/ASimpleCache,https://github.com/yangfuhai/ASimpleCache,3683,41,0,11.67
google/bundletool,https://github.com/google/bundletool,3674,32,63,6.9
watabou/pixel-dungeon,https://github.com/watabou/pixel-dungeon,3672,1424,0,10.67
google/rejoiner,https://github.com/google/rejoiner,3668,0,3,7.31
shopizer-ecommerce/shopizer,https://github.com/shopizer-ecommerce/shopizer,3668,-5,18,12.35
sofastack/sofa-jraft,https://github.com/sofastack/sofa-jraft,3667,-3599,31,6.07
lisawray/groupie,https://github.com/lisawray/groupie,3666,-1076,28,8.57
linkedin/databus,https://github.com/linkedin/databus,3659,26,0,12.28
KunMinX/Linkage-RecyclerView,https://github.com/KunMinX/Linkage-RecyclerView,3654,61,0,5.93
litesuits/android-common,https://github.com/litesuits/android-common,3648,16,0,10.84
JFormDesigner/FlatLaf,https://github.com/JFormDesigner/FlatLaf,3645,899,85,5.61
RoaringBitmap/RoaringBitmap,https://github.com/RoaringBitmap/RoaringBitmap,3641,4,34,11.78
JCTools/JCTools,https://github.com/JCTools/JCTools,3636,0,18,11.38
networknt/light-4j,https://github.com/networknt/light-4j,3636,243,190,8.55
PlexPt/chatgpt-java,https://github.com/PlexPt/chatgpt-java,3634,0,24,2.3
undertow-io/undertow,https://github.com/undertow-io/undertow,3629,0,9,12.7
apache/incubator-heron,https://github.com/apache/incubator-heron,3629,1,56,9.51
dingjikerbo/Android-BluetoothKit,https://github.com/dingjikerbo/Android-BluetoothKit,3628,201,0,9.47
Dimezis/BlurView,https://github.com/Dimezis/BlurView,3627,2,29,8.93
jtablesaw/tablesaw,https://github.com/jtablesaw/tablesaw,3611,0,79,9.24
rockerhieu/emojicon,https://github.com/rockerhieu/emojicon,3610,5,2,11.19
fesh0r/fernflower,https://github.com/fesh0r/fernflower,3605,203,0,10.49
spotbugs/spotbugs,https://github.com/spotbugs/spotbugs,3605,0,68,8.39
helidon-io/helidon,https://github.com/helidon-io/helidon,3604,0,119,6.59
iterate-ch/cyberduck,https://github.com/iterate-ch/cyberduck,3603,19,0,8.18
alibaba/Alink,https://github.com/alibaba/Alink,3597,148,22,6.49
tyrantgit/ExplosionField,https://github.com/tyrantgit/ExplosionField,3596,0,0,9.52
grpc-ecosystem/grpc-spring,https://github.com/grpc-ecosystem/grpc-spring,3595,0,34,8.24
dongjunkun/DropDownMenu,https://github.com/dongjunkun/DropDownMenu,3591,70,2,9.77
huburt-Hu/NewbieGuide,https://github.com/huburt-Hu/NewbieGuide,3588,0,20,7.67
kikoso/android-stackblur,https://github.com/kikoso/android-stackblur,3583,0,0,11.62
coderbruis/JavaSourceCodeLearning,https://github.com/coderbruis/JavaSourceCodeLearning,3580,3,0,4.82
dtinit/data-transfer-project,https://github.com/dtinit/data-transfer-project,3577,23,61,7.23
spockframework/spock,https://github.com/spockframework/spock,3576,0,25,14.3
lihangleo2/ShadowLayout,https://github.com/lihangleo2/ShadowLayout,3572,0,28,5.72
googlemaps/android-maps-utils,https://github.com/googlemaps/android-maps-utils,3568,0,47,11.87
davideas/FlexibleAdapter,https://github.com/davideas/FlexibleAdapter,3566,-10,30,9.91
JakeWharton/ThreeTenABP,https://github.com/JakeWharton/ThreeTenABP,3565,0,0,9.74
FasterXML/jackson-databind,https://github.com/FasterXML/jackson-databind,3564,0,0,13.27
WVector/AppUpdate,https://github.com/WVector/AppUpdate,3563,6,3,7.78
vert-x3/vertx-examples,https://github.com/vert-x3/vertx-examples,3563,6,0,10.09
code4craft/netty-learning,https://github.com/code4craft/netty-learning,3554,0,0,11.53
karma9874/AndroRAT,https://github.com/karma9874/AndroRAT,3554,-3,0,5.02
dropbox/hackpad,https://github.com/dropbox/hackpad,3551,9,0,9.62
bilibili/MagicaSakura,https://github.com/bilibili/MagicaSakura,3550,16,3,8.76
johncarl81/parceler,https://github.com/johncarl81/parceler,3549,0,0,11.74
Querz/mcaselector,https://github.com/Querz/mcaselector,3547,0,70,6.93
hmkcode/Android,https://github.com/hmkcode/Android,3546,180,0,11.57
arimorty/floatingsearchview,https://github.com/arimorty/floatingsearchview,3540,0,0,9.35
rbmonster/learning-note,https://github.com/rbmonster/learning-note,3539,0,0,4.78
luontola/retrolambda,https://github.com/luontola/retrolambda,3538,1,0,11.69
camunda/camunda,https://github.com/camunda/camunda,3535,75,365,9.02
microservices-patterns/ftgo-application,https://github.com/microservices-patterns/ftgo-application,3528,8,0,7.43
spring-io/initializr,https://github.com/spring-io/initializr,3523,0,16,11.81
nytimes/Store,https://github.com/nytimes/Store,3522,11,0,8.33
lsjwzh/RecyclerViewPager,https://github.com/lsjwzh/RecyclerViewPager,3520,3,10,10.19
Mojang/brigadier,https://github.com/Mojang/brigadier,3519,4,3,10.54
andremion/Music-Player,https://github.com/andremion/Music-Player,3517,1,2,8.89
M66B/FairEmail,https://github.com/M66B/FairEmail,3516,0,1000,6.65
yacy/yacy_search_server,https://github.com/yacy/yacy_search_server,3514,-32,0,10.02
tchiotludo/akhq,https://github.com/tchiotludo/akhq,3507,3,41,6.55
baoyongzhang/SwipeMenuListView,https://github.com/baoyongzhang/SwipeMenuListView,3507,-1,2,10.59
jishenghua/jshERP,https://github.com/jishenghua/jshERP,3503,1,6,8.52
codeestX/GeekNews,https://github.com/codeestX/GeekNews,3503,28,0,8.64
fyhertz/libstreaming,https://github.com/fyhertz/libstreaming,3500,4,0,12.16
anggrayudi/android-hidden-api,https://github.com/anggrayudi/android-hidden-api,3492,1,2,9.53
KingJA/LoadSir,https://github.com/KingJA/LoadSir,3492,1,6,7.57
spring-cloud/spring-cloud-kubernetes,https://github.com/spring-cloud/spring-cloud-kubernetes,3487,0,25,8.29
fabric8io/kubernetes-client,https://github.com/fabric8io/kubernetes-client,3487,0,119,9.72
dariuszseweryn/RxAndroidBle,https://github.com/dariuszseweryn/RxAndroidBle,3484,3,59,9.15
gh0stkey/HaE,https://github.com/gh0stkey/HaE,3483,6,73,5.01
lenve/JavaEETest,https://github.com/lenve/JavaEETest,3481,5,0,8.29
javahuang/SurveyKing,https://github.com/javahuang/SurveyKing,3477,0,3,3.55
mbechler/marshalsec,https://github.com/mbechler/marshalsec,3476,8,0,7.85
ittianyu/BottomNavigationViewEx,https://github.com/ittianyu/BottomNavigationViewEx,3475,-1,19,8.38
immutables/immutables,https://github.com/immutables/immutables,3473,0,11,11.73
rubensousa/PreviewSeekBar,https://github.com/rubensousa/PreviewSeekBar,3468,2,10,8.17
apache/logging-log4j2,https://github.com/apache/logging-log4j2,3445,0,13,11.8
crossoverJie/SSM,https://github.com/crossoverJie/SSM,3443,7,10,8.77
ferredoxin/QNotified,https://github.com/ferredoxin/QNotified,3443,-93,28,6.01
phodal/migration,https://github.com/phodal/migration,3441,0,0,5.22
IrisShaders/Iris,https://github.com/IrisShaders/Iris,3439,31,140,4.43
alamkanak/Android-Week-View,https://github.com/alamkanak/Android-Week-View,3437,0,4,10.53
xcc3641/SeeWeather,https://github.com/xcc3641/SeeWeather,3434,-8,2,9.1
guolindev/giffun,https://github.com/guolindev/giffun,3434,0,0,6.16
sherxon/AlgoDS,https://github.com/sherxon/AlgoDS,3433,158,0,8.28
LinShunKang/MyPerf4J,https://github.com/LinShunKang/MyPerf4J,3430,0,23,7.05
OpenHFT/Chronicle-Queue,https://github.com/OpenHFT/Chronicle-Queue,3430,0,520,11.82
Grt1228/chatgpt-java,https://github.com/Grt1228/chatgpt-java,3427,0,10,2.12
cSploit/android,https://github.com/cSploit/android,3424,4,33,10.48
Netflix/maestro,https://github.com/Netflix/maestro,3423,1405,0,0.94
AsamK/signal-cli,https://github.com/AsamK/signal-cli,3417,0,97,9.88
openhab/openhab1-addons,https://github.com/openhab/openhab1-addons,3417,2,14,11.52
GitLqr/LQRWeChat,https://github.com/GitLqr/LQRWeChat,3409,0,0,8.14
woxingxiao/BubbleSeekBar,https://github.com/woxingxiao/BubbleSeekBar,3403,0,12,8.4
AxonFramework/AxonFramework,https://github.com/AxonFramework/AxonFramework,3400,0,128,13.32
yigit/android-priority-jobqueue,https://github.com/yigit/android-priority-jobqueue,3394,2,0,10.78
springdoc/springdoc-openapi,https://github.com/springdoc/springdoc-openapi,3392,43,88,5.71
blossom-editor/blossom,https://github.com/blossom-editor/blossom,3387,0,17,1.64
google/volley,https://github.com/google/volley,3387,0,9,8.17
Red5/red5-server,https://github.com/Red5/red5-server,3386,0,103,11.36
eclipse-openj9/openj9,https://github.com/eclipse-openj9/openj9,3380,-3,50,7.59
kevinsawicki/http-request,https://github.com/kevinsawicki/http-request,3375,0,0,13.44
avast/android-butterknife-zelezny,https://github.com/avast/android-butterknife-zelezny,3372,1,8,11.26
uber/AutoDispose,https://github.com/uber/AutoDispose,3371,0,4,8.26
abel533/MyBatis-Spring-Boot,https://github.com/abel533/MyBatis-Spring-Boot,3368,0,0,9.28
apache/incubator-kie-optaplanner,https://github.com/apache/incubator-kie-optaplanner,3365,3,5,14.12
HelloWorld521/Java,https://github.com/HelloWorld521/Java,3362,0,0,8.3
DataLinkDC/dinky,https://github.com/DataLinkDC/dinky,3359,-2,29,3.8
WinterChenS/my-site,https://github.com/WinterChenS/my-site,3358,5,0,6.9
TNG/ArchUnit,https://github.com/TNG/ArchUnit,3355,0,41,7.94
apache/linkis,https://github.com/apache/linkis,3350,0,32,5.68
rom1v/sndcpy,https://github.com/rom1v/sndcpy,3348,-3,2,4.8
cropsly/ffmpeg-android-java,https://github.com/cropsly/ffmpeg-android-java,3338,94,8,10.55
luojilab/DDComponentForAndroid,https://github.com/luojilab/DDComponentForAndroid,3332,0,4,7.56
getActivity/Toaster,https://github.com/getActivity/Toaster,3327,-11,33,6.53
aragozin/jvm-tools,https://github.com/aragozin/jvm-tools,3326,5,0,12.92
ReChronoRain/HyperCeiler,https://github.com/ReChronoRain/HyperCeiler,3325,0,6,1.41
uncle-novel/uncle-novel,https://github.com/uncle-novel/uncle-novel,3323,7,1,6.3
iammert/ScalingLayout,https://github.com/iammert/ScalingLayout,3321,0,4,7.49
ivacf/archi,https://github.com/ivacf/archi,3320,0,0,9.55
Netflix/concurrency-limits,https://github.com/Netflix/concurrency-limits,3318,165,102,7.29
Creators-of-Create/Create,https://github.com/Creators-of-Create/Create,3318,15,0,5.7
amitshekhariitbhu/PRDownloader,https://github.com/amitshekhariitbhu/PRDownloader,3309,0,8,7.38
chenBingX/SuperTextView,https://github.com/chenBingX/SuperTextView,3308,0,33,7.95
trojan-gfw/igniter,https://github.com/trojan-gfw/igniter,3302,167,33,6.38
shekhargulati/99-problems,https://github.com/shekhargulati/99-problems,3301,0,0,9.35
